grupo,clave,valor,etiqueta,descripcion_es,enlace_wiki
Servicios y equipamientos,amenity,restaurant,amenity=restaurant,Restaurante,https://wiki.openstreetmap.org/wiki/Tag:amenity%3Drestaurant
Servicios y equipamientos,amenity,cafe,amenity=cafe,Cafetería,https://wiki.openstreetmap.org/wiki/Tag:amenity%3Dcafe
Servicios y equipamientos,amenity,fast_food,amenity=fast_food,Comida rápida,https://wiki.openstreetmap.org/wiki/Tag:amenity%3Dfast_food
Servicios y equipamientos,amenity,bar,amenity=bar,Bar,https://wiki.openstreetmap.org/wiki/Tag:amenity%3Dbar
Servicios y equipamientos,amenity,pub,amenity=pub,Pub / cervecería,https://wiki.openstreetmap.org/wiki/Tag:amenity%3Dpub
Servicios y equipamientos,amenity,food_court,amenity=food_court,Plaza de comidas (food court),https://wiki.openstreetmap.org/wiki/Tag:amenity%3Dfood_court
Servicios y equipamientos,amenity,ice_cream,amenity=ice_cream,Heladería,https://wiki.openstreetmap.org/wiki/Tag:amenity%3Dice_cream
Servicios y equipamientos,amenity,biergarten,amenity=biergarten,Jardín de cerveza,https://wiki.openstreetmap.org/wiki/Tag:amenity%3Dbiergarten
Servicios y equipamientos,amenity,bank,amenity=bank,Banco,https://wiki.openstreetmap.org/wiki/Tag:amenity%3Dbank
Servicios y equipamientos,amenity,atm,amenity=atm,Cajero automático,https://wiki.openstreetmap.org/wiki/Tag:amenity%3Datm
Servicios y equipamientos,amenity,bureau_de_change,amenity=bureau_de_change,Casa de cambio,https://wiki.openstreetmap.org/wiki/Tag:amenity%3Dbureau_de_change
Servicios y equipamientos,amenity,money_transfer,amenity=money_transfer,Envío de remesas / transferencia de dinero,https://wiki.openstreetmap.org/wiki/Tag:amenity%3Dmoney_transfer
Servicios y equipamientos,amenity,payment_centre,amenity=payment_centre,Centro de pagos,https://wiki.openstreetmap.org/wiki/Tag:amenity%3Dpayment_centre
Servicios y equipamientos,amenity,pharmacy,amenity=pharmacy,Farmacia,https://wiki.openstreetmap.org/wiki/Tag:amenity%3Dpharmacy
Servicios y equipamientos,amenity,hospital,amenity=hospital,Hospital,https://wiki.openstreetmap.org/wiki/Tag:amenity%3Dhospital
Servicios y equipamientos,amenity,clinic,amenity=clinic,Clínica,https://wiki.openstreetmap.org/wiki/Tag:amenity%3Dclinic
Servicios y equipamientos,amenity,doctors,amenity=doctors,Consultorio médico,https://wiki.openstreetmap.org/wiki/Tag:amenity%3Ddoctors
Servicios y equipamientos,amenity,dentist,amenity=dentist,Odontología,https://wiki.openstreetmap.org/wiki/Tag:amenity%3Ddentist
Servicios y equipamientos,amenity,veterinary,amenity=veterinary,Veterinaria,https://wiki.openstreetmap.org/wiki/Tag:amenity%3Dveterinary
Servicios y equipamientos,amenity,nursing_home,amenity=nursing_home,Hogar de ancianos,https://wiki.openstreetmap.org/wiki/Tag:amenity%3Dnursing_home
Servicios y equipamientos,amenity,social_facility,amenity=social_facility,Centro de asistencia social,https://wiki.openstreetmap.org/wiki/Tag:amenity%3Dsocial_facility
Servicios y equipamientos,amenity,childcare,amenity=childcare,Guardería / cuidado infantil,https://wiki.openstreetmap.org/wiki/Tag:amenity%3Dchildcare
Servicios y equipamientos,amenity,kindergarten,amenity=kindergarten,Kínder / preescolar,https://wiki.openstreetmap.org/wiki/Tag:amenity%3Dkindergarten
Servicios y equipamientos,amenity,school,amenity=school,Escuela / colegio,https://wiki.openstreetmap.org/wiki/Tag:amenity%3Dschool
Servicios y equipamientos,amenity,college,amenity=college,Instituto técnico / educación superior no universitaria,https://wiki.openstreetmap.org/wiki/Tag:amenity%3Dcollege
Servicios y equipamientos,amenity,university,amenity=university,Universidad,https://wiki.openstreetmap.org/wiki/Tag:amenity%3Duniversity
Servicios y equipamientos,amenity,language_school,amenity=language_school,Academia de idiomas,https://wiki.openstreetmap.org/wiki/Tag:amenity%3Dlanguage_school
Servicios y equipamientos,amenity,driving_school,amenity=driving_school,Escuela de manejo,https://wiki.openstreetmap.org/wiki/Tag:amenity%3Ddriving_school
Servicios y equipamientos,amenity,music_school,amenity=music_school,Escuela de música,https://wiki.openstreetmap.org/wiki/Tag:amenity%3Dmusic_school
Servicios y equipamientos,amenity,training,amenity=training,Centro de capacitación,https://wiki.openstreetmap.org/wiki/Tag:amenity%3Dtraining
Servicios y equipamientos,amenity,library,amenity=library,Biblioteca,https://wiki.openstreetmap.org/wiki/Tag:amenity%3Dlibrary
Servicios y equipamientos,amenity,research_institute,amenity=research_institute,Instituto de investigación,https://wiki.openstreetmap.org/wiki/Tag:amenity%3Dresearch_institute
Servicios y equipamientos,amenity,fuel,amenity=fuel,Gasolinera,https://wiki.openstreetmap.org/wiki/Tag:amenity%3Dfuel
Servicios y equipamientos,amenity,charging_station,amenity=charging_station,Estación de carga para vehículos eléctricos,https://wiki.openstreetmap.org/wiki/Tag:amenity%3Dcharging_station
Servicios y equipamientos,amenity,parking,amenity=parking,Estacionamiento,https://wiki.openstreetmap.org/wiki/Tag:amenity%3Dparking
Servicios y equipamientos,amenity,parking_entrance,amenity=parking_entrance,Entrada a estacionamiento,https://wiki.openstreetmap.org/wiki/Tag:amenity%3Dparking_entrance
Servicios y equipamientos,amenity,parking_space,amenity=parking_space,Plaza de estacionamiento,https://wiki.openstreetmap.org/wiki/Tag:amenity%3Dparking_space
Servicios y equipamientos,amenity,bicycle_parking,amenity=bicycle_parking,Estacionamiento de bicicletas,https://wiki.openstreetmap.org/wiki/Tag:amenity%3Dbicycle_parking
Servicios y equipamientos,amenity,motorcycle_parking,amenity=motorcycle_parking,Estacionamiento de motos,https://wiki.openstreetmap.org/wiki/Tag:amenity%3Dmotorcycle_parking
Servicios y equipamientos,amenity,car_wash,amenity=car_wash,Lavado de autos (car wash),https://wiki.openstreetmap.org/wiki/Tag:amenity%3Dcar_wash
Servicios y equipamientos,amenity,car_rental,amenity=car_rental,Alquiler de autos,https://wiki.openstreetmap.org/wiki/Tag:amenity%3Dcar_rental
Servicios y equipamientos,amenity,car_sharing,amenity=car_sharing,Auto compartido,https://wiki.openstreetmap.org/wiki/Tag:amenity%3Dcar_sharing
Servicios y equipamientos,amenity,taxi,amenity=taxi,Parada de taxis,https://wiki.openstreetmap.org/wiki/Tag:amenity%3Dtaxi
Servicios y equipamientos,amenity,bus_station,amenity=bus_station,Terminal de buses,https://wiki.openstreetmap.org/wiki/Tag:amenity%3Dbus_station
Servicios y equipamientos,amenity,ferry_terminal,amenity=ferry_terminal,Terminal de ferry,https://wiki.openstreetmap.org/wiki/Tag:amenity%3Dferry_terminal
Servicios y equipamientos,amenity,boat_rental,amenity=boat_rental,Alquiler de lanchas,https://wiki.openstreetmap.org/wiki/Tag:amenity%3Dboat_rental
Servicios y equipamientos,amenity,place_of_worship,amenity=place_of_worship,"Lugar de culto (iglesia, templo, mezquita...)",https://wiki.openstreetmap.org/wiki/Tag:amenity%3Dplace_of_worship
Servicios y equipamientos,amenity,monastery,amenity=monastery,Monasterio / convento,https://wiki.openstreetmap.org/wiki/Tag:amenity%3Dmonastery
Servicios y equipamientos,amenity,community_centre,amenity=community_centre,Casa comunal / centro comunitario,https://wiki.openstreetmap.org/wiki/Tag:amenity%3Dcommunity_centre
Servicios y equipamientos,amenity,social_centre,amenity=social_centre,Centro social,https://wiki.openstreetmap.org/wiki/Tag:amenity%3Dsocial_centre
Servicios y equipamientos,amenity,townhall,amenity=townhall,Alcaldía / ayuntamiento,https://wiki.openstreetmap.org/wiki/Tag:amenity%3Dtownhall
Servicios y equipamientos,amenity,police,amenity=police,Policía,https://wiki.openstreetmap.org/wiki/Tag:amenity%3Dpolice
Servicios y equipamientos,amenity,fire_station,amenity=fire_station,Estación de bomberos,https://wiki.openstreetmap.org/wiki/Tag:amenity%3Dfire_station
Servicios y equipamientos,amenity,post_office,amenity=post_office,Oficina de correos,https://wiki.openstreetmap.org/wiki/Tag:amenity%3Dpost_office
Servicios y equipamientos,amenity,post_box,amenity=post_box,Buzón,https://wiki.openstreetmap.org/wiki/Tag:amenity%3Dpost_box
Servicios y equipamientos,amenity,post_depot,amenity=post_depot,Centro de distribución postal,https://wiki.openstreetmap.org/wiki/Tag:amenity%3Dpost_depot
Servicios y equipamientos,amenity,courthouse,amenity=courthouse,Juzgado / tribunal,https://wiki.openstreetmap.org/wiki/Tag:amenity%3Dcourthouse
Servicios y equipamientos,amenity,prison,amenity=prison,Centro penal / prisión,https://wiki.openstreetmap.org/wiki/Tag:amenity%3Dprison
Servicios y equipamientos,amenity,embassy,amenity=embassy,"Embajada (obsoleto, ver diplomatic)",https://wiki.openstreetmap.org/wiki/Tag:amenity%3Dembassy
Servicios y equipamientos,amenity,public_building,amenity=public_building,Edificio público (obsoleto),https://wiki.openstreetmap.org/wiki/Tag:amenity%3Dpublic_building
Servicios y equipamientos,amenity,ranger_station,amenity=ranger_station,Puesto de guardaparques,https://wiki.openstreetmap.org/wiki/Tag:amenity%3Dranger_station
Servicios y equipamientos,amenity,marketplace,amenity=marketplace,Mercado,https://wiki.openstreetmap.org/wiki/Tag:amenity%3Dmarketplace
Servicios y equipamientos,amenity,cinema,amenity=cinema,Cine,https://wiki.openstreetmap.org/wiki/Tag:amenity%3Dcinema
Servicios y equipamientos,amenity,theatre,amenity=theatre,Teatro,https://wiki.openstreetmap.org/wiki/Tag:amenity%3Dtheatre
Servicios y equipamientos,amenity,nightclub,amenity=nightclub,Discoteca,https://wiki.openstreetmap.org/wiki/Tag:amenity%3Dnightclub
Servicios y equipamientos,amenity,casino,amenity=casino,Casino,https://wiki.openstreetmap.org/wiki/Tag:amenity%3Dcasino
Servicios y equipamientos,amenity,gambling,amenity=gambling,Sala de apuestas,https://wiki.openstreetmap.org/wiki/Tag:amenity%3Dgambling
Servicios y equipamientos,amenity,events_venue,amenity=events_venue,Salón de eventos,https://wiki.openstreetmap.org/wiki/Tag:amenity%3Devents_venue
Servicios y equipamientos,amenity,conference_centre,amenity=conference_centre,Centro de convenciones,https://wiki.openstreetmap.org/wiki/Tag:amenity%3Dconference_centre
Servicios y equipamientos,amenity,exhibition_centre,amenity=exhibition_centre,Centro de exposiciones,https://wiki.openstreetmap.org/wiki/Tag:amenity%3Dexhibition_centre
Servicios y equipamientos,amenity,arts_centre,amenity=arts_centre,Centro cultural / de artes,https://wiki.openstreetmap.org/wiki/Tag:amenity%3Darts_centre
Servicios y equipamientos,amenity,studio,amenity=studio,"Estudio (radio, TV, grabación)",https://wiki.openstreetmap.org/wiki/Tag:amenity%3Dstudio
Servicios y equipamientos,amenity,planetarium,amenity=planetarium,Planetario,https://wiki.openstreetmap.org/wiki/Tag:amenity%3Dplanetarium
Servicios y equipamientos,amenity,fountain,amenity=fountain,Fuente ornamental,https://wiki.openstreetmap.org/wiki/Tag:amenity%3Dfountain
Servicios y equipamientos,amenity,toilets,amenity=toilets,Baños públicos,https://wiki.openstreetmap.org/wiki/Tag:amenity%3Dtoilets
Servicios y equipamientos,amenity,drinking_water,amenity=drinking_water,Agua potable,https://wiki.openstreetmap.org/wiki/Tag:amenity%3Ddrinking_water
Servicios y equipamientos,amenity,water_point,amenity=water_point,Punto de carga de agua,https://wiki.openstreetmap.org/wiki/Tag:amenity%3Dwater_point
Servicios y equipamientos,amenity,shower,amenity=shower,Duchas públicas,https://wiki.openstreetmap.org/wiki/Tag:amenity%3Dshower
Servicios y equipamientos,amenity,bench,amenity=bench,Banca,https://wiki.openstreetmap.org/wiki/Tag:amenity%3Dbench
Servicios y equipamientos,amenity,shelter,amenity=shelter,Refugio / techo,https://wiki.openstreetmap.org/wiki/Tag:amenity%3Dshelter
Servicios y equipamientos,amenity,waste_basket,amenity=waste_basket,Basurero,https://wiki.openstreetmap.org/wiki/Tag:amenity%3Dwaste_basket
Servicios y equipamientos,amenity,waste_disposal,amenity=waste_disposal,Punto de disposición de basura,https://wiki.openstreetmap.org/wiki/Tag:amenity%3Dwaste_disposal
Servicios y equipamientos,amenity,recycling,amenity=recycling,Punto de reciclaje,https://wiki.openstreetmap.org/wiki/Tag:amenity%3Drecycling
Servicios y equipamientos,amenity,telephone,amenity=telephone,Teléfono público,https://wiki.openstreetmap.org/wiki/Tag:amenity%3Dtelephone
Servicios y equipamientos,amenity,internet_cafe,amenity=internet_cafe,Ciber / café internet,https://wiki.openstreetmap.org/wiki/Tag:amenity%3Dinternet_cafe
Servicios y equipamientos,amenity,coworking_space,amenity=coworking_space,"Espacio de coworking (obsoleto, ver office)",https://wiki.openstreetmap.org/wiki/Tag:amenity%3Dcoworking_space
Servicios y equipamientos,amenity,vending_machine,amenity=vending_machine,Máquina expendedora,https://wiki.openstreetmap.org/wiki/Tag:amenity%3Dvending_machine
Servicios y equipamientos,amenity,photo_booth,amenity=photo_booth,Cabina de fotos,https://wiki.openstreetmap.org/wiki/Tag:amenity%3Dphoto_booth
Servicios y equipamientos,amenity,lounger,amenity=lounger,Tumbona,https://wiki.openstreetmap.org/wiki/Tag:amenity%3Dlounger
Servicios y equipamientos,amenity,grave_yard,amenity=grave_yard,Cementerio pequeño (junto a iglesia),https://wiki.openstreetmap.org/wiki/Tag:amenity%3Dgrave_yard
Servicios y equipamientos,amenity,crematorium,amenity=crematorium,Crematorio,https://wiki.openstreetmap.org/wiki/Tag:amenity%3Dcrematorium
Servicios y equipamientos,amenity,funeral_hall,amenity=funeral_hall,Funeraria / sala de velación,https://wiki.openstreetmap.org/wiki/Tag:amenity%3Dfuneral_hall
Servicios y equipamientos,amenity,animal_shelter,amenity=animal_shelter,Refugio de animales,https://wiki.openstreetmap.org/wiki/Tag:amenity%3Danimal_shelter
Servicios y equipamientos,amenity,animal_boarding,amenity=animal_boarding,Hospedaje de mascotas,https://wiki.openstreetmap.org/wiki/Tag:amenity%3Danimal_boarding
Servicios y equipamientos,amenity,public_bath,amenity=public_bath,Baños públicos / termas,https://wiki.openstreetmap.org/wiki/Tag:amenity%3Dpublic_bath
Servicios y equipamientos,amenity,dojo,amenity=dojo,Dojo / academia de artes marciales,https://wiki.openstreetmap.org/wiki/Tag:amenity%3Ddojo
Servicios y equipamientos,amenity,loading_dock,amenity=loading_dock,Muelle de carga,https://wiki.openstreetmap.org/wiki/Tag:amenity%3Dloading_dock
Servicios y equipamientos,amenity,weighbridge,amenity=weighbridge,Báscula para camiones,https://wiki.openstreetmap.org/wiki/Tag:amenity%3Dweighbridge
Servicios y equipamientos,amenity,compressed_air,amenity=compressed_air,Aire comprimido,https://wiki.openstreetmap.org/wiki/Tag:amenity%3Dcompressed_air
Servicios y equipamientos,amenity,vehicle_inspection,amenity=vehicle_inspection,Revisión técnica vehicular,https://wiki.openstreetmap.org/wiki/Tag:amenity%3Dvehicle_inspection
Comercios y tiendas,shop,supermarket,shop=supermarket,Supermercado,https://wiki.openstreetmap.org/wiki/Tag:shop%3Dsupermarket
Comercios y tiendas,shop,convenience,shop=convenience,Tienda de conveniencia / tienda de barrio,https://wiki.openstreetmap.org/wiki/Tag:shop%3Dconvenience
Comercios y tiendas,shop,mall,shop=mall,Centro comercial,https://wiki.openstreetmap.org/wiki/Tag:shop%3Dmall
Comercios y tiendas,shop,department_store,shop=department_store,Tienda por departamentos,https://wiki.openstreetmap.org/wiki/Tag:shop%3Ddepartment_store
Comercios y tiendas,shop,general,shop=general,Tienda general,https://wiki.openstreetmap.org/wiki/Tag:shop%3Dgeneral
Comercios y tiendas,shop,kiosk,shop=kiosk,Kiosco,https://wiki.openstreetmap.org/wiki/Tag:shop%3Dkiosk
Comercios y tiendas,shop,wholesale,shop=wholesale,Mayorista,https://wiki.openstreetmap.org/wiki/Tag:shop%3Dwholesale
Comercios y tiendas,shop,variety_store,shop=variety_store,Tienda de variedades / todo a un dólar,https://wiki.openstreetmap.org/wiki/Tag:shop%3Dvariety_store
Comercios y tiendas,shop,bakery,shop=bakery,Panadería,https://wiki.openstreetmap.org/wiki/Tag:shop%3Dbakery
Comercios y tiendas,shop,butcher,shop=butcher,Carnicería,https://wiki.openstreetmap.org/wiki/Tag:shop%3Dbutcher
Comercios y tiendas,shop,greengrocer,shop=greengrocer,Frutería y verdulería,https://wiki.openstreetmap.org/wiki/Tag:shop%3Dgreengrocer
Comercios y tiendas,shop,seafood,shop=seafood,Pescadería / mariscos,https://wiki.openstreetmap.org/wiki/Tag:shop%3Dseafood
Comercios y tiendas,shop,deli,shop=deli,Delicatessen,https://wiki.openstreetmap.org/wiki/Tag:shop%3Ddeli
Comercios y tiendas,shop,dairy,shop=dairy,Lácteos,https://wiki.openstreetmap.org/wiki/Tag:shop%3Ddairy
Comercios y tiendas,shop,confectionery,shop=confectionery,Dulcería,https://wiki.openstreetmap.org/wiki/Tag:shop%3Dconfectionery
Comercios y tiendas,shop,pastry,shop=pastry,Pastelería / repostería,https://wiki.openstreetmap.org/wiki/Tag:shop%3Dpastry
Comercios y tiendas,shop,chocolate,shop=chocolate,Chocolatería,https://wiki.openstreetmap.org/wiki/Tag:shop%3Dchocolate
Comercios y tiendas,shop,coffee,shop=coffee,Tienda de café,https://wiki.openstreetmap.org/wiki/Tag:shop%3Dcoffee
Comercios y tiendas,shop,tea,shop=tea,Tienda de té,https://wiki.openstreetmap.org/wiki/Tag:shop%3Dtea
Comercios y tiendas,shop,alcohol,shop=alcohol,Licorería,https://wiki.openstreetmap.org/wiki/Tag:shop%3Dalcohol
Comercios y tiendas,shop,beverages,shop=beverages,Bebidas,https://wiki.openstreetmap.org/wiki/Tag:shop%3Dbeverages
Comercios y tiendas,shop,water,shop=water,Venta de agua purificada,https://wiki.openstreetmap.org/wiki/Tag:shop%3Dwater
Comercios y tiendas,shop,tortilla,shop=tortilla,Tortillería,https://wiki.openstreetmap.org/wiki/Tag:shop%3Dtortilla
Comercios y tiendas,shop,health_food,shop=health_food,Alimentos saludables,https://wiki.openstreetmap.org/wiki/Tag:shop%3Dhealth_food
Comercios y tiendas,shop,spices,shop=spices,Especias,https://wiki.openstreetmap.org/wiki/Tag:shop%3Dspices
Comercios y tiendas,shop,frozen_food,shop=frozen_food,Congelados,https://wiki.openstreetmap.org/wiki/Tag:shop%3Dfrozen_food
Comercios y tiendas,shop,food,shop=food,Alimentos (genérico),https://wiki.openstreetmap.org/wiki/Tag:shop%3Dfood
Comercios y tiendas,shop,clothes,shop=clothes,Ropa,https://wiki.openstreetmap.org/wiki/Tag:shop%3Dclothes
Comercios y tiendas,shop,shoes,shop=shoes,Zapatería,https://wiki.openstreetmap.org/wiki/Tag:shop%3Dshoes
Comercios y tiendas,shop,boutique,shop=boutique,Boutique,https://wiki.openstreetmap.org/wiki/Tag:shop%3Dboutique
Comercios y tiendas,shop,fashion_accessories,shop=fashion_accessories,Accesorios de moda,https://wiki.openstreetmap.org/wiki/Tag:shop%3Dfashion_accessories
Comercios y tiendas,shop,jewelry,shop=jewelry,Joyería,https://wiki.openstreetmap.org/wiki/Tag:shop%3Djewelry
Comercios y tiendas,shop,watches,shop=watches,Relojería,https://wiki.openstreetmap.org/wiki/Tag:shop%3Dwatches
Comercios y tiendas,shop,bag,shop=bag,Bolsos y maletas,https://wiki.openstreetmap.org/wiki/Tag:shop%3Dbag
Comercios y tiendas,shop,fabric,shop=fabric,Telas,https://wiki.openstreetmap.org/wiki/Tag:shop%3Dfabric
Comercios y tiendas,shop,sewing,shop=sewing,Mercería / costura,https://wiki.openstreetmap.org/wiki/Tag:shop%3Dsewing
Comercios y tiendas,shop,tailor,shop=tailor,Sastrería,https://wiki.openstreetmap.org/wiki/Tag:shop%3Dtailor
Comercios y tiendas,shop,leather,shop=leather,Artículos de cuero,https://wiki.openstreetmap.org/wiki/Tag:shop%3Dleather
Comercios y tiendas,shop,baby_goods,shop=baby_goods,Artículos para bebé,https://wiki.openstreetmap.org/wiki/Tag:shop%3Dbaby_goods
Comercios y tiendas,shop,hairdresser,shop=hairdresser,Peluquería / salón de belleza,https://wiki.openstreetmap.org/wiki/Tag:shop%3Dhairdresser
Comercios y tiendas,shop,barber,shop=barber,Barbería (usa hairdresser + male),https://wiki.openstreetmap.org/wiki/Tag:shop%3Dbarber
Comercios y tiendas,shop,beauty,shop=beauty,Centro de estética / uñas / spa,https://wiki.openstreetmap.org/wiki/Tag:shop%3Dbeauty
Comercios y tiendas,shop,cosmetics,shop=cosmetics,Cosméticos,https://wiki.openstreetmap.org/wiki/Tag:shop%3Dcosmetics
Comercios y tiendas,shop,perfumery,shop=perfumery,Perfumería,https://wiki.openstreetmap.org/wiki/Tag:shop%3Dperfumery
Comercios y tiendas,shop,massage,shop=massage,Masajes,https://wiki.openstreetmap.org/wiki/Tag:shop%3Dmassage
Comercios y tiendas,shop,tattoo,shop=tattoo,Tatuajes,https://wiki.openstreetmap.org/wiki/Tag:shop%3Dtattoo
Comercios y tiendas,shop,optician,shop=optician,Óptica,https://wiki.openstreetmap.org/wiki/Tag:shop%3Doptician
Comercios y tiendas,shop,medical_supply,shop=medical_supply,Insumos médicos / ortopedia,https://wiki.openstreetmap.org/wiki/Tag:shop%3Dmedical_supply
Comercios y tiendas,shop,chemist,shop=chemist,Droguería (sin farmacéutico),https://wiki.openstreetmap.org/wiki/Tag:shop%3Dchemist
Comercios y tiendas,shop,hearing_aids,shop=hearing_aids,Audífonos,https://wiki.openstreetmap.org/wiki/Tag:shop%3Dhearing_aids
Comercios y tiendas,shop,nutrition_supplements,shop=nutrition_supplements,Suplementos nutricionales,https://wiki.openstreetmap.org/wiki/Tag:shop%3Dnutrition_supplements
Comercios y tiendas,shop,hardware,shop=hardware,Ferretería,https://wiki.openstreetmap.org/wiki/Tag:shop%3Dhardware
Comercios y tiendas,shop,doityourself,shop=doityourself,Bricolaje / materiales de construcción,https://wiki.openstreetmap.org/wiki/Tag:shop%3Ddoityourself
Comercios y tiendas,shop,paint,shop=paint,Pinturas,https://wiki.openstreetmap.org/wiki/Tag:shop%3Dpaint
Comercios y tiendas,shop,electrical,shop=electrical,Material eléctrico,https://wiki.openstreetmap.org/wiki/Tag:shop%3Delectrical
Comercios y tiendas,shop,trade,shop=trade,Venta a contratistas / materiales,https://wiki.openstreetmap.org/wiki/Tag:shop%3Dtrade
Comercios y tiendas,shop,bathroom_furnishing,shop=bathroom_furnishing,Sanitarios y baños,https://wiki.openstreetmap.org/wiki/Tag:shop%3Dbathroom_furnishing
Comercios y tiendas,shop,flooring,shop=flooring,Pisos,https://wiki.openstreetmap.org/wiki/Tag:shop%3Dflooring
Comercios y tiendas,shop,tiles,shop=tiles,Cerámica y azulejos,https://wiki.openstreetmap.org/wiki/Tag:shop%3Dtiles
Comercios y tiendas,shop,glaziery,shop=glaziery,Vidriería,https://wiki.openstreetmap.org/wiki/Tag:shop%3Dglaziery
Comercios y tiendas,shop,locksmith,shop=locksmith,Cerrajería,https://wiki.openstreetmap.org/wiki/Tag:shop%3Dlocksmith
Comercios y tiendas,shop,security,shop=security,"Seguridad (alarmas, cámaras)",https://wiki.openstreetmap.org/wiki/Tag:shop%3Dsecurity
Comercios y tiendas,shop,furniture,shop=furniture,Mueblería,https://wiki.openstreetmap.org/wiki/Tag:shop%3Dfurniture
Comercios y tiendas,shop,interior_decoration,shop=interior_decoration,Decoración de interiores,https://wiki.openstreetmap.org/wiki/Tag:shop%3Dinterior_decoration
Comercios y tiendas,shop,kitchen,shop=kitchen,Cocinas,https://wiki.openstreetmap.org/wiki/Tag:shop%3Dkitchen
Comercios y tiendas,shop,bed,shop=bed,Camas y colchones,https://wiki.openstreetmap.org/wiki/Tag:shop%3Dbed
Comercios y tiendas,shop,curtain,shop=curtain,Cortinas,https://wiki.openstreetmap.org/wiki/Tag:shop%3Dcurtain
Comercios y tiendas,shop,lighting,shop=lighting,Iluminación / lámparas,https://wiki.openstreetmap.org/wiki/Tag:shop%3Dlighting
Comercios y tiendas,shop,houseware,shop=houseware,Artículos para el hogar,https://wiki.openstreetmap.org/wiki/Tag:shop%3Dhouseware
Comercios y tiendas,shop,appliance,shop=appliance,Electrodomésticos,https://wiki.openstreetmap.org/wiki/Tag:shop%3Dappliance
Comercios y tiendas,shop,electronics,shop=electronics,Electrónica,https://wiki.openstreetmap.org/wiki/Tag:shop%3Delectronics
Comercios y tiendas,shop,computer,shop=computer,Computadoras,https://wiki.openstreetmap.org/wiki/Tag:shop%3Dcomputer
Comercios y tiendas,shop,mobile_phone,shop=mobile_phone,Celulares,https://wiki.openstreetmap.org/wiki/Tag:shop%3Dmobile_phone
Comercios y tiendas,shop,telecommunication,shop=telecommunication,Telecomunicaciones / operador,https://wiki.openstreetmap.org/wiki/Tag:shop%3Dtelecommunication
Comercios y tiendas,shop,hifi,shop=hifi,Equipos de audio,https://wiki.openstreetmap.org/wiki/Tag:shop%3Dhifi
Comercios y tiendas,shop,video,shop=video,Videoclub,https://wiki.openstreetmap.org/wiki/Tag:shop%3Dvideo
Comercios y tiendas,shop,video_games,shop=video_games,Videojuegos,https://wiki.openstreetmap.org/wiki/Tag:shop%3Dvideo_games
Comercios y tiendas,shop,camera,shop=camera,Cámaras fotográficas,https://wiki.openstreetmap.org/wiki/Tag:shop%3Dcamera
Comercios y tiendas,shop,car,shop=car,Venta de autos / concesionario,https://wiki.openstreetmap.org/wiki/Tag:shop%3Dcar
Comercios y tiendas,shop,car_repair,shop=car_repair,Taller mecánico,https://wiki.openstreetmap.org/wiki/Tag:shop%3Dcar_repair
Comercios y tiendas,shop,car_parts,shop=car_parts,Repuestos de autos,https://wiki.openstreetmap.org/wiki/Tag:shop%3Dcar_parts
Comercios y tiendas,shop,tyres,shop=tyres,Llantas,https://wiki.openstreetmap.org/wiki/Tag:shop%3Dtyres
Comercios y tiendas,shop,motorcycle,shop=motorcycle,Motos,https://wiki.openstreetmap.org/wiki/Tag:shop%3Dmotorcycle
Comercios y tiendas,shop,motorcycle_repair,shop=motorcycle_repair,Taller de motos,https://wiki.openstreetmap.org/wiki/Tag:shop%3Dmotorcycle_repair
Comercios y tiendas,shop,bicycle,shop=bicycle,Bicicletas,https://wiki.openstreetmap.org/wiki/Tag:shop%3Dbicycle
Comercios y tiendas,shop,boat,shop=boat,Embarcaciones,https://wiki.openstreetmap.org/wiki/Tag:shop%3Dboat
Comercios y tiendas,shop,truck,shop=truck,Camiones,https://wiki.openstreetmap.org/wiki/Tag:shop%3Dtruck
Comercios y tiendas,shop,books,shop=books,Librería,https://wiki.openstreetmap.org/wiki/Tag:shop%3Dbooks
Comercios y tiendas,shop,stationery,shop=stationery,Papelería,https://wiki.openstreetmap.org/wiki/Tag:shop%3Dstationery
Comercios y tiendas,shop,newsagent,shop=newsagent,Puesto de periódicos,https://wiki.openstreetmap.org/wiki/Tag:shop%3Dnewsagent
Comercios y tiendas,shop,copyshop,shop=copyshop,Fotocopiado / impresiones,https://wiki.openstreetmap.org/wiki/Tag:shop%3Dcopyshop
Comercios y tiendas,shop,gift,shop=gift,Regalos / souvenirs,https://wiki.openstreetmap.org/wiki/Tag:shop%3Dgift
Comercios y tiendas,shop,florist,shop=florist,Floristería,https://wiki.openstreetmap.org/wiki/Tag:shop%3Dflorist
Comercios y tiendas,shop,garden_centre,shop=garden_centre,Vivero / jardinería,https://wiki.openstreetmap.org/wiki/Tag:shop%3Dgarden_centre
Comercios y tiendas,shop,agrarian,shop=agrarian,Agroservicio / insumos agrícolas,https://wiki.openstreetmap.org/wiki/Tag:shop%3Dagrarian
Comercios y tiendas,shop,pet,shop=pet,Mascotas,https://wiki.openstreetmap.org/wiki/Tag:shop%3Dpet
Comercios y tiendas,shop,pet_grooming,shop=pet_grooming,Peluquería canina,https://wiki.openstreetmap.org/wiki/Tag:shop%3Dpet_grooming
Comercios y tiendas,shop,toys,shop=toys,Juguetería,https://wiki.openstreetmap.org/wiki/Tag:shop%3Dtoys
Comercios y tiendas,shop,sports,shop=sports,Artículos deportivos,https://wiki.openstreetmap.org/wiki/Tag:shop%3Dsports
Comercios y tiendas,shop,outdoor,shop=outdoor,Equipo para actividades al aire libre,https://wiki.openstreetmap.org/wiki/Tag:shop%3Doutdoor
Comercios y tiendas,shop,fishing,shop=fishing,Artículos de pesca,https://wiki.openstreetmap.org/wiki/Tag:shop%3Dfishing
Comercios y tiendas,shop,hunting,shop=hunting,Caza,https://wiki.openstreetmap.org/wiki/Tag:shop%3Dhunting
Comercios y tiendas,shop,music,shop=music,Música (discos),https://wiki.openstreetmap.org/wiki/Tag:shop%3Dmusic
Comercios y tiendas,shop,musical_instrument,shop=musical_instrument,Instrumentos musicales,https://wiki.openstreetmap.org/wiki/Tag:shop%3Dmusical_instrument
Comercios y tiendas,shop,photo,shop=photo,Estudio / tienda de fotografía,https://wiki.openstreetmap.org/wiki/Tag:shop%3Dphoto
Comercios y tiendas,shop,art,shop=art,Galería / venta de arte,https://wiki.openstreetmap.org/wiki/Tag:shop%3Dart
Comercios y tiendas,shop,craft,shop=craft,Manualidades,https://wiki.openstreetmap.org/wiki/Tag:shop%3Dcraft
Comercios y tiendas,shop,frame,shop=frame,Enmarcado,https://wiki.openstreetmap.org/wiki/Tag:shop%3Dframe
Comercios y tiendas,shop,antiques,shop=antiques,Antigüedades,https://wiki.openstreetmap.org/wiki/Tag:shop%3Dantiques
Comercios y tiendas,shop,second_hand,shop=second_hand,Segunda mano,https://wiki.openstreetmap.org/wiki/Tag:shop%3Dsecond_hand
Comercios y tiendas,shop,charity,shop=charity,Tienda benéfica,https://wiki.openstreetmap.org/wiki/Tag:shop%3Dcharity
Comercios y tiendas,shop,party,shop=party,Artículos de fiesta / piñatería,https://wiki.openstreetmap.org/wiki/Tag:shop%3Dparty
Comercios y tiendas,shop,religion,shop=religion,Artículos religiosos,https://wiki.openstreetmap.org/wiki/Tag:shop%3Dreligion
Comercios y tiendas,shop,dry_cleaning,shop=dry_cleaning,Tintorería,https://wiki.openstreetmap.org/wiki/Tag:shop%3Ddry_cleaning
Comercios y tiendas,shop,laundry,shop=laundry,Lavandería,https://wiki.openstreetmap.org/wiki/Tag:shop%3Dlaundry
Comercios y tiendas,shop,travel_agency,shop=travel_agency,Agencia de viajes,https://wiki.openstreetmap.org/wiki/Tag:shop%3Dtravel_agency
Comercios y tiendas,shop,funeral_directors,shop=funeral_directors,Funeraria,https://wiki.openstreetmap.org/wiki/Tag:shop%3Dfuneral_directors
Comercios y tiendas,shop,money_lender,shop=money_lender,Prestamista,https://wiki.openstreetmap.org/wiki/Tag:shop%3Dmoney_lender
Comercios y tiendas,shop,pawnbroker,shop=pawnbroker,Casa de empeño,https://wiki.openstreetmap.org/wiki/Tag:shop%3Dpawnbroker
Comercios y tiendas,shop,lottery,shop=lottery,Lotería,https://wiki.openstreetmap.org/wiki/Tag:shop%3Dlottery
Comercios y tiendas,shop,tobacco,shop=tobacco,Tabaquería,https://wiki.openstreetmap.org/wiki/Tag:shop%3Dtobacco
Comercios y tiendas,shop,e-cigarette,shop=e-cigarette,Vapeo,https://wiki.openstreetmap.org/wiki/Tag:shop%3De-cigarette
Comercios y tiendas,shop,cannabis,shop=cannabis,Cannabis,https://wiki.openstreetmap.org/wiki/Tag:shop%3Dcannabis
Comercios y tiendas,shop,storage_rental,shop=storage_rental,Alquiler de bodegas / mini bodegas,https://wiki.openstreetmap.org/wiki/Tag:shop%3Dstorage_rental
Comercios y tiendas,shop,ticket,shop=ticket,Boletería,https://wiki.openstreetmap.org/wiki/Tag:shop%3Dticket
Comercios y tiendas,shop,rental,shop=rental,Alquiler (genérico),https://wiki.openstreetmap.org/wiki/Tag:shop%3Drental
Comercios y tiendas,shop,fuel,shop=fuel,Venta de combustible / gas propano,https://wiki.openstreetmap.org/wiki/Tag:shop%3Dfuel
Comercios y tiendas,shop,gas,shop=gas,Gas (cilindros),https://wiki.openstreetmap.org/wiki/Tag:shop%3Dgas
Comercios y tiendas,shop,printing,shop=printing,Imprenta,https://wiki.openstreetmap.org/wiki/Tag:shop%3Dprinting
Comercios y tiendas,shop,weapons,shop=weapons,Armería,https://wiki.openstreetmap.org/wiki/Tag:shop%3Dweapons
Comercios y tiendas,shop,erotic,shop=erotic,Sex shop,https://wiki.openstreetmap.org/wiki/Tag:shop%3Derotic
Comercios y tiendas,shop,vacant,shop=vacant,Local vacío,https://wiki.openstreetmap.org/wiki/Tag:shop%3Dvacant
Comercios y tiendas,shop,yes,shop=yes,Comercio sin tipo definido,https://wiki.openstreetmap.org/wiki/Tag:shop%3Dyes
Oficinas y empresas,office,company,office=company,Empresa (sede u oficina corporativa),https://wiki.openstreetmap.org/wiki/Tag:office%3Dcompany
Oficinas y empresas,office,government,office=government,Oficina de gobierno,https://wiki.openstreetmap.org/wiki/Tag:office%3Dgovernment
Oficinas y empresas,office,administrative,office=administrative,Oficina administrativa,https://wiki.openstreetmap.org/wiki/Tag:office%3Dadministrative
Oficinas y empresas,office,lawyer,office=lawyer,Bufete de abogados,https://wiki.openstreetmap.org/wiki/Tag:office%3Dlawyer
Oficinas y empresas,office,notary,office=notary,Notaría,https://wiki.openstreetmap.org/wiki/Tag:office%3Dnotary
Oficinas y empresas,office,accountant,office=accountant,Contadores / contabilidad,https://wiki.openstreetmap.org/wiki/Tag:office%3Daccountant
Oficinas y empresas,office,tax_advisor,office=tax_advisor,Asesoría fiscal,https://wiki.openstreetmap.org/wiki/Tag:office%3Dtax_advisor
Oficinas y empresas,office,financial,office=financial,Servicios financieros,https://wiki.openstreetmap.org/wiki/Tag:office%3Dfinancial
Oficinas y empresas,office,financial_advisor,office=financial_advisor,Asesoría financiera,https://wiki.openstreetmap.org/wiki/Tag:office%3Dfinancial_advisor
Oficinas y empresas,office,insurance,office=insurance,Aseguradora,https://wiki.openstreetmap.org/wiki/Tag:office%3Dinsurance
Oficinas y empresas,office,estate_agent,office=estate_agent,Inmobiliaria / bienes raíces,https://wiki.openstreetmap.org/wiki/Tag:office%3Destate_agent
Oficinas y empresas,office,property_management,office=property_management,Administración de propiedades,https://wiki.openstreetmap.org/wiki/Tag:office%3Dproperty_management
Oficinas y empresas,office,it,office=it,Empresa de tecnología / informática,https://wiki.openstreetmap.org/wiki/Tag:office%3Dit
Oficinas y empresas,office,telecommunication,office=telecommunication,Empresa de telecomunicaciones,https://wiki.openstreetmap.org/wiki/Tag:office%3Dtelecommunication
Oficinas y empresas,office,employment_agency,office=employment_agency,Agencia de empleo,https://wiki.openstreetmap.org/wiki/Tag:office%3Demployment_agency
Oficinas y empresas,office,travel_agent,office=travel_agent,Agencia de viajes (oficina),https://wiki.openstreetmap.org/wiki/Tag:office%3Dtravel_agent
Oficinas y empresas,office,architect,office=architect,Estudio de arquitectura,https://wiki.openstreetmap.org/wiki/Tag:office%3Darchitect
Oficinas y empresas,office,engineer,office=engineer,Ingeniería / consultoría técnica,https://wiki.openstreetmap.org/wiki/Tag:office%3Dengineer
Oficinas y empresas,office,surveyor,office=surveyor,Topografía,https://wiki.openstreetmap.org/wiki/Tag:office%3Dsurveyor
Oficinas y empresas,office,consulting,office=consulting,Consultoría,https://wiki.openstreetmap.org/wiki/Tag:office%3Dconsulting
Oficinas y empresas,office,advertising_agency,office=advertising_agency,Agencia de publicidad,https://wiki.openstreetmap.org/wiki/Tag:office%3Dadvertising_agency
Oficinas y empresas,office,marketing,office=marketing,Marketing,https://wiki.openstreetmap.org/wiki/Tag:office%3Dmarketing
Oficinas y empresas,office,graphic_design,office=graphic_design,Diseño gráfico,https://wiki.openstreetmap.org/wiki/Tag:office%3Dgraphic_design
Oficinas y empresas,office,newspaper,office=newspaper,Periódico / medio de comunicación,https://wiki.openstreetmap.org/wiki/Tag:office%3Dnewspaper
Oficinas y empresas,office,publisher,office=publisher,Editorial,https://wiki.openstreetmap.org/wiki/Tag:office%3Dpublisher
Oficinas y empresas,office,association,office=association,Asociación,https://wiki.openstreetmap.org/wiki/Tag:office%3Dassociation
Oficinas y empresas,office,ngo,office=ngo,ONG,https://wiki.openstreetmap.org/wiki/Tag:office%3Dngo
Oficinas y empresas,office,foundation,office=foundation,Fundación,https://wiki.openstreetmap.org/wiki/Tag:office%3Dfoundation
Oficinas y empresas,office,charity,office=charity,Organización benéfica,https://wiki.openstreetmap.org/wiki/Tag:office%3Dcharity
Oficinas y empresas,office,political_party,office=political_party,Partido político,https://wiki.openstreetmap.org/wiki/Tag:office%3Dpolitical_party
Oficinas y empresas,office,union,office=union,Sindicato,https://wiki.openstreetmap.org/wiki/Tag:office%3Dunion
Oficinas y empresas,office,religion,office=religion,Oficina religiosa,https://wiki.openstreetmap.org/wiki/Tag:office%3Dreligion
Oficinas y empresas,office,educational_institution,office=educational_institution,Institución educativa (oficina),https://wiki.openstreetmap.org/wiki/Tag:office%3Deducational_institution
Oficinas y empresas,office,research,office=research,Centro de investigación,https://wiki.openstreetmap.org/wiki/Tag:office%3Dresearch
Oficinas y empresas,office,coworking,office=coworking,Coworking,https://wiki.openstreetmap.org/wiki/Tag:office%3Dcoworking
Oficinas y empresas,office,diplomatic,office=diplomatic,Embajada / consulado,https://wiki.openstreetmap.org/wiki/Tag:office%3Ddiplomatic
Oficinas y empresas,office,logistics,office=logistics,Logística,https://wiki.openstreetmap.org/wiki/Tag:office%3Dlogistics
Oficinas y empresas,office,courier,office=courier,Mensajería / courier,https://wiki.openstreetmap.org/wiki/Tag:office%3Dcourier
Oficinas y empresas,office,moving_company,office=moving_company,Mudanzas,https://wiki.openstreetmap.org/wiki/Tag:office%3Dmoving_company
Oficinas y empresas,office,transport,office=transport,Empresa de transporte,https://wiki.openstreetmap.org/wiki/Tag:office%3Dtransport
Oficinas y empresas,office,energy_supplier,office=energy_supplier,Empresa de energía,https://wiki.openstreetmap.org/wiki/Tag:office%3Denergy_supplier
Oficinas y empresas,office,water_utility,office=water_utility,Empresa de agua,https://wiki.openstreetmap.org/wiki/Tag:office%3Dwater_utility
Oficinas y empresas,office,security,office=security,Empresa de seguridad,https://wiki.openstreetmap.org/wiki/Tag:office%3Dsecurity
Oficinas y empresas,office,construction_company,office=construction_company,Constructora,https://wiki.openstreetmap.org/wiki/Tag:office%3Dconstruction_company
Oficinas y empresas,office,event_management,office=event_management,Organización de eventos,https://wiki.openstreetmap.org/wiki/Tag:office%3Devent_management
Oficinas y empresas,office,quango,office=quango,Ente semipúblico,https://wiki.openstreetmap.org/wiki/Tag:office%3Dquango
Oficinas y empresas,office,yes,office=yes,Oficina sin tipo definido,https://wiki.openstreetmap.org/wiki/Tag:office%3Dyes
Talleres y oficios,craft,carpenter,craft=carpenter,Carpintería,https://wiki.openstreetmap.org/wiki/Tag:craft%3Dcarpenter
Talleres y oficios,craft,cabinet_maker,craft=cabinet_maker,Ebanistería,https://wiki.openstreetmap.org/wiki/Tag:craft%3Dcabinet_maker
Talleres y oficios,craft,joiner,craft=joiner,Carpintería de obra,https://wiki.openstreetmap.org/wiki/Tag:craft%3Djoiner
Talleres y oficios,craft,electrician,craft=electrician,Electricista,https://wiki.openstreetmap.org/wiki/Tag:craft%3Delectrician
Talleres y oficios,craft,electronics_repair,craft=electronics_repair,Reparación de electrónicos,https://wiki.openstreetmap.org/wiki/Tag:craft%3Delectronics_repair
Talleres y oficios,craft,plumber,craft=plumber,Fontanería / plomería,https://wiki.openstreetmap.org/wiki/Tag:craft%3Dplumber
Talleres y oficios,craft,hvac,craft=hvac,Aire acondicionado y climatización,https://wiki.openstreetmap.org/wiki/Tag:craft%3Dhvac
Talleres y oficios,craft,painter,craft=painter,Pintor (de edificios),https://wiki.openstreetmap.org/wiki/Tag:craft%3Dpainter
Talleres y oficios,craft,tailor,craft=tailor,Sastre,https://wiki.openstreetmap.org/wiki/Tag:craft%3Dtailor
Talleres y oficios,craft,dressmaker,craft=dressmaker,Modista,https://wiki.openstreetmap.org/wiki/Tag:craft%3Ddressmaker
Talleres y oficios,craft,shoemaker,craft=shoemaker,Zapatero / reparación de calzado,https://wiki.openstreetmap.org/wiki/Tag:craft%3Dshoemaker
Talleres y oficios,craft,blacksmith,craft=blacksmith,Herrería,https://wiki.openstreetmap.org/wiki/Tag:craft%3Dblacksmith
Talleres y oficios,craft,metal_construction,craft=metal_construction,Estructuras metálicas,https://wiki.openstreetmap.org/wiki/Tag:craft%3Dmetal_construction
Talleres y oficios,craft,welder,craft=welder,Soldadura,https://wiki.openstreetmap.org/wiki/Tag:craft%3Dwelder
Talleres y oficios,craft,locksmith,craft=locksmith,Cerrajería,https://wiki.openstreetmap.org/wiki/Tag:craft%3Dlocksmith
Talleres y oficios,craft,roofer,craft=roofer,Techos,https://wiki.openstreetmap.org/wiki/Tag:craft%3Droofer
Talleres y oficios,craft,tiler,craft=tiler,Colocación de cerámica,https://wiki.openstreetmap.org/wiki/Tag:craft%3Dtiler
Talleres y oficios,craft,floorer,craft=floorer,Instalación de pisos,https://wiki.openstreetmap.org/wiki/Tag:craft%3Dfloorer
Talleres y oficios,craft,glaziery,craft=glaziery,Vidriería,https://wiki.openstreetmap.org/wiki/Tag:craft%3Dglaziery
Talleres y oficios,craft,insulation,craft=insulation,Aislamiento,https://wiki.openstreetmap.org/wiki/Tag:craft%3Dinsulation
Talleres y oficios,craft,scaffolder,craft=scaffolder,Andamios,https://wiki.openstreetmap.org/wiki/Tag:craft%3Dscaffolder
Talleres y oficios,craft,stonemason,craft=stonemason,Cantería,https://wiki.openstreetmap.org/wiki/Tag:craft%3Dstonemason
Talleres y oficios,craft,builder,craft=builder,Constructor / albañil,https://wiki.openstreetmap.org/wiki/Tag:craft%3Dbuilder
Talleres y oficios,craft,photographer,craft=photographer,Fotógrafo,https://wiki.openstreetmap.org/wiki/Tag:craft%3Dphotographer
Talleres y oficios,craft,photographic_laboratory,craft=photographic_laboratory,Laboratorio fotográfico,https://wiki.openstreetmap.org/wiki/Tag:craft%3Dphotographic_laboratory
Talleres y oficios,craft,jeweller,craft=jeweller,Joyero / orfebre,https://wiki.openstreetmap.org/wiki/Tag:craft%3Djeweller
Talleres y oficios,craft,watchmaker,craft=watchmaker,Relojero,https://wiki.openstreetmap.org/wiki/Tag:craft%3Dwatchmaker
Talleres y oficios,craft,goldsmith,craft=goldsmith,Orfebre,https://wiki.openstreetmap.org/wiki/Tag:craft%3Dgoldsmith
Talleres y oficios,craft,upholsterer,craft=upholsterer,Tapicería,https://wiki.openstreetmap.org/wiki/Tag:craft%3Dupholsterer
Talleres y oficios,craft,sawmill,craft=sawmill,Aserradero,https://wiki.openstreetmap.org/wiki/Tag:craft%3Dsawmill
Talleres y oficios,craft,bakery,craft=bakery,Panadería artesanal,https://wiki.openstreetmap.org/wiki/Tag:craft%3Dbakery
Talleres y oficios,craft,brewery,craft=brewery,Cervecería artesanal,https://wiki.openstreetmap.org/wiki/Tag:craft%3Dbrewery
Talleres y oficios,craft,winery,craft=winery,Bodega de vino,https://wiki.openstreetmap.org/wiki/Tag:craft%3Dwinery
Talleres y oficios,craft,distillery,craft=distillery,Destilería,https://wiki.openstreetmap.org/wiki/Tag:craft%3Ddistillery
Talleres y oficios,craft,confectionery,craft=confectionery,Dulcería artesanal,https://wiki.openstreetmap.org/wiki/Tag:craft%3Dconfectionery
Talleres y oficios,craft,caterer,craft=caterer,Servicio de catering,https://wiki.openstreetmap.org/wiki/Tag:craft%3Dcaterer
Talleres y oficios,craft,gardener,craft=gardener,Jardinero,https://wiki.openstreetmap.org/wiki/Tag:craft%3Dgardener
Talleres y oficios,craft,handicraft,craft=handicraft,Artesanía,https://wiki.openstreetmap.org/wiki/Tag:craft%3Dhandicraft
Talleres y oficios,craft,pottery,craft=pottery,Alfarería / cerámica,https://wiki.openstreetmap.org/wiki/Tag:craft%3Dpottery
Talleres y oficios,craft,sculptor,craft=sculptor,Escultor,https://wiki.openstreetmap.org/wiki/Tag:craft%3Dsculptor
Talleres y oficios,craft,printer,craft=printer,Imprenta,https://wiki.openstreetmap.org/wiki/Tag:craft%3Dprinter
Talleres y oficios,craft,printmaker,craft=printmaker,Grabador,https://wiki.openstreetmap.org/wiki/Tag:craft%3Dprintmaker
Talleres y oficios,craft,signmaker,craft=signmaker,Rotulación / letreros,https://wiki.openstreetmap.org/wiki/Tag:craft%3Dsignmaker
Talleres y oficios,craft,bookbinder,craft=bookbinder,Encuadernación,https://wiki.openstreetmap.org/wiki/Tag:craft%3Dbookbinder
Talleres y oficios,craft,boatbuilder,craft=boatbuilder,Constructor de embarcaciones,https://wiki.openstreetmap.org/wiki/Tag:craft%3Dboatbuilder
Talleres y oficios,craft,key_cutter,craft=key_cutter,Copia de llaves,https://wiki.openstreetmap.org/wiki/Tag:craft%3Dkey_cutter
Talleres y oficios,craft,optician,craft=optician,Óptico,https://wiki.openstreetmap.org/wiki/Tag:craft%3Doptician
Talleres y oficios,craft,agricultural_engines,craft=agricultural_engines,Maquinaria agrícola,https://wiki.openstreetmap.org/wiki/Tag:craft%3Dagricultural_engines
Talleres y oficios,craft,window_construction,craft=window_construction,Ventanas,https://wiki.openstreetmap.org/wiki/Tag:craft%3Dwindow_construction
Talleres y oficios,craft,parquet_layer,craft=parquet_layer,Parqué,https://wiki.openstreetmap.org/wiki/Tag:craft%3Dparquet_layer
Talleres y oficios,craft,cleaning,craft=cleaning,Limpieza,https://wiki.openstreetmap.org/wiki/Tag:craft%3Dcleaning
Talleres y oficios,craft,clockmaker,craft=clockmaker,Relojería,https://wiki.openstreetmap.org/wiki/Tag:craft%3Dclockmaker
Talleres y oficios,craft,beekeeper,craft=beekeeper,Apicultor,https://wiki.openstreetmap.org/wiki/Tag:craft%3Dbeekeeper
Ocio y recreación,leisure,park,leisure=park,Parque,https://wiki.openstreetmap.org/wiki/Tag:leisure%3Dpark
Ocio y recreación,leisure,playground,leisure=playground,Parque infantil / juegos,https://wiki.openstreetmap.org/wiki/Tag:leisure%3Dplayground
Ocio y recreación,leisure,garden,leisure=garden,Jardín,https://wiki.openstreetmap.org/wiki/Tag:leisure%3Dgarden
Ocio y recreación,leisure,nature_reserve,leisure=nature_reserve,Reserva natural,https://wiki.openstreetmap.org/wiki/Tag:leisure%3Dnature_reserve
Ocio y recreación,leisure,sports_centre,leisure=sports_centre,Centro deportivo / complejo deportivo,https://wiki.openstreetmap.org/wiki/Tag:leisure%3Dsports_centre
Ocio y recreación,leisure,fitness_centre,leisure=fitness_centre,Gimnasio,https://wiki.openstreetmap.org/wiki/Tag:leisure%3Dfitness_centre
Ocio y recreación,leisure,fitness_station,leisure=fitness_station,Estación de ejercicio al aire libre,https://wiki.openstreetmap.org/wiki/Tag:leisure%3Dfitness_station
Ocio y recreación,leisure,stadium,leisure=stadium,Estadio,https://wiki.openstreetmap.org/wiki/Tag:leisure%3Dstadium
Ocio y recreación,leisure,pitch,leisure=pitch,"Cancha (fútbol, básquet, etc.)",https://wiki.openstreetmap.org/wiki/Tag:leisure%3Dpitch
Ocio y recreación,leisure,track,leisure=track,Pista de atletismo / carreras,https://wiki.openstreetmap.org/wiki/Tag:leisure%3Dtrack
Ocio y recreación,leisure,sports_hall,leisure=sports_hall,Polideportivo cubierto,https://wiki.openstreetmap.org/wiki/Tag:leisure%3Dsports_hall
Ocio y recreación,leisure,swimming_pool,leisure=swimming_pool,Piscina,https://wiki.openstreetmap.org/wiki/Tag:leisure%3Dswimming_pool
Ocio y recreación,leisure,swimming_area,leisure=swimming_area,Zona de baño,https://wiki.openstreetmap.org/wiki/Tag:leisure%3Dswimming_area
Ocio y recreación,leisure,water_park,leisure=water_park,Parque acuático,https://wiki.openstreetmap.org/wiki/Tag:leisure%3Dwater_park
Ocio y recreación,leisure,golf_course,leisure=golf_course,Campo de golf,https://wiki.openstreetmap.org/wiki/Tag:leisure%3Dgolf_course
Ocio y recreación,leisure,miniature_golf,leisure=miniature_golf,Minigolf,https://wiki.openstreetmap.org/wiki/Tag:leisure%3Dminiature_golf
Ocio y recreación,leisure,ice_rink,leisure=ice_rink,Pista de hielo,https://wiki.openstreetmap.org/wiki/Tag:leisure%3Dice_rink
Ocio y recreación,leisure,bowling_alley,leisure=bowling_alley,Boliche,https://wiki.openstreetmap.org/wiki/Tag:leisure%3Dbowling_alley
Ocio y recreación,leisure,amusement_arcade,leisure=amusement_arcade,Sala de máquinas / arcade,https://wiki.openstreetmap.org/wiki/Tag:leisure%3Damusement_arcade
Ocio y recreación,leisure,adult_gaming_centre,leisure=adult_gaming_centre,Sala de tragamonedas,https://wiki.openstreetmap.org/wiki/Tag:leisure%3Dadult_gaming_centre
Ocio y recreación,leisure,dance,leisure=dance,Salón de baile,https://wiki.openstreetmap.org/wiki/Tag:leisure%3Ddance
Ocio y recreación,leisure,escape_game,leisure=escape_game,Sala de escape,https://wiki.openstreetmap.org/wiki/Tag:leisure%3Descape_game
Ocio y recreación,leisure,trampoline_park,leisure=trampoline_park,Parque de trampolines,https://wiki.openstreetmap.org/wiki/Tag:leisure%3Dtrampoline_park
Ocio y recreación,leisure,marina,leisure=marina,Marina / puerto deportivo,https://wiki.openstreetmap.org/wiki/Tag:leisure%3Dmarina
Ocio y recreación,leisure,slipway,leisure=slipway,Rampa para botes,https://wiki.openstreetmap.org/wiki/Tag:leisure%3Dslipway
Ocio y recreación,leisure,beach_resort,leisure=beach_resort,Balneario / club de playa,https://wiki.openstreetmap.org/wiki/Tag:leisure%3Dbeach_resort
Ocio y recreación,leisure,resort,leisure=resort,Resort,https://wiki.openstreetmap.org/wiki/Tag:leisure%3Dresort
Ocio y recreación,leisure,picnic_table,leisure=picnic_table,Mesa de picnic,https://wiki.openstreetmap.org/wiki/Tag:leisure%3Dpicnic_table
Ocio y recreación,leisure,dog_park,leisure=dog_park,Parque para perros,https://wiki.openstreetmap.org/wiki/Tag:leisure%3Ddog_park
Ocio y recreación,leisure,bird_hide,leisure=bird_hide,Observatorio de aves,https://wiki.openstreetmap.org/wiki/Tag:leisure%3Dbird_hide
Ocio y recreación,leisure,firepit,leisure=firepit,Fogata,https://wiki.openstreetmap.org/wiki/Tag:leisure%3Dfirepit
Ocio y recreación,leisure,sauna,leisure=sauna,Sauna,https://wiki.openstreetmap.org/wiki/Tag:leisure%3Dsauna
Ocio y recreación,leisure,outdoor_seating,leisure=outdoor_seating,Área de mesas al aire libre,https://wiki.openstreetmap.org/wiki/Tag:leisure%3Doutdoor_seating
Ocio y recreación,leisure,horse_riding,leisure=horse_riding,Equitación,https://wiki.openstreetmap.org/wiki/Tag:leisure%3Dhorse_riding
Ocio y recreación,leisure,hackerspace,leisure=hackerspace,Hackerspace,https://wiki.openstreetmap.org/wiki/Tag:leisure%3Dhackerspace
Ocio y recreación,leisure,summer_camp,leisure=summer_camp,Campamento,https://wiki.openstreetmap.org/wiki/Tag:leisure%3Dsummer_camp
Ocio y recreación,leisure,bandstand,leisure=bandstand,Kiosco de música,https://wiki.openstreetmap.org/wiki/Tag:leisure%3Dbandstand
Ocio y recreación,leisure,common,leisure=common,Terreno comunal,https://wiki.openstreetmap.org/wiki/Tag:leisure%3Dcommon
Ocio y recreación,leisure,disc_golf_course,leisure=disc_golf_course,Campo de disc golf,https://wiki.openstreetmap.org/wiki/Tag:leisure%3Ddisc_golf_course
Ocio y recreación,leisure,bleachers,leisure=bleachers,Gradería,https://wiki.openstreetmap.org/wiki/Tag:leisure%3Dbleachers
Ocio y recreación,leisure,tanning_salon,leisure=tanning_salon,Bronceado,https://wiki.openstreetmap.org/wiki/Tag:leisure%3Dtanning_salon
Turismo y hospedaje,tourism,hotel,tourism=hotel,Hotel,https://wiki.openstreetmap.org/wiki/Tag:tourism%3Dhotel
Turismo y hospedaje,tourism,motel,tourism=motel,Motel,https://wiki.openstreetmap.org/wiki/Tag:tourism%3Dmotel
Turismo y hospedaje,tourism,hostel,tourism=hostel,Hostal,https://wiki.openstreetmap.org/wiki/Tag:tourism%3Dhostel
Turismo y hospedaje,tourism,guest_house,tourism=guest_house,Casa de huéspedes / bed and breakfast,https://wiki.openstreetmap.org/wiki/Tag:tourism%3Dguest_house
Turismo y hospedaje,tourism,apartment,tourism=apartment,Apartamento turístico,https://wiki.openstreetmap.org/wiki/Tag:tourism%3Dapartment
Turismo y hospedaje,tourism,chalet,tourism=chalet,Cabaña,https://wiki.openstreetmap.org/wiki/Tag:tourism%3Dchalet
Turismo y hospedaje,tourism,camp_site,tourism=camp_site,Camping,https://wiki.openstreetmap.org/wiki/Tag:tourism%3Dcamp_site
Turismo y hospedaje,tourism,caravan_site,tourism=caravan_site,Zona para casas rodantes,https://wiki.openstreetmap.org/wiki/Tag:tourism%3Dcaravan_site
Turismo y hospedaje,tourism,alpine_hut,tourism=alpine_hut,Refugio de montaña,https://wiki.openstreetmap.org/wiki/Tag:tourism%3Dalpine_hut
Turismo y hospedaje,tourism,wilderness_hut,tourism=wilderness_hut,Refugio básico,https://wiki.openstreetmap.org/wiki/Tag:tourism%3Dwilderness_hut
Turismo y hospedaje,tourism,camp_pitch,tourism=camp_pitch,Parcela de camping,https://wiki.openstreetmap.org/wiki/Tag:tourism%3Dcamp_pitch
Turismo y hospedaje,tourism,attraction,tourism=attraction,Atracción turística,https://wiki.openstreetmap.org/wiki/Tag:tourism%3Dattraction
Turismo y hospedaje,tourism,museum,tourism=museum,Museo,https://wiki.openstreetmap.org/wiki/Tag:tourism%3Dmuseum
Turismo y hospedaje,tourism,gallery,tourism=gallery,Galería de arte,https://wiki.openstreetmap.org/wiki/Tag:tourism%3Dgallery
Turismo y hospedaje,tourism,artwork,tourism=artwork,Obra de arte / escultura pública,https://wiki.openstreetmap.org/wiki/Tag:tourism%3Dartwork
Turismo y hospedaje,tourism,viewpoint,tourism=viewpoint,Mirador,https://wiki.openstreetmap.org/wiki/Tag:tourism%3Dviewpoint
Turismo y hospedaje,tourism,information,tourism=information,Información turística,https://wiki.openstreetmap.org/wiki/Tag:tourism%3Dinformation
Turismo y hospedaje,tourism,picnic_site,tourism=picnic_site,Área de picnic,https://wiki.openstreetmap.org/wiki/Tag:tourism%3Dpicnic_site
Turismo y hospedaje,tourism,theme_park,tourism=theme_park,Parque de diversiones,https://wiki.openstreetmap.org/wiki/Tag:tourism%3Dtheme_park
Turismo y hospedaje,tourism,zoo,tourism=zoo,Zoológico,https://wiki.openstreetmap.org/wiki/Tag:tourism%3Dzoo
Turismo y hospedaje,tourism,aquarium,tourism=aquarium,Acuario,https://wiki.openstreetmap.org/wiki/Tag:tourism%3Daquarium
Turismo y hospedaje,tourism,trail_riding_station,tourism=trail_riding_station,Estación para cabalgatas,https://wiki.openstreetmap.org/wiki/Tag:tourism%3Dtrail_riding_station
Turismo y hospedaje,tourism,yes,tourism=yes,Sitio turístico sin tipo definido,https://wiki.openstreetmap.org/wiki/Tag:tourism%3Dyes
Salud,healthcare,hospital,healthcare=hospital,Hospital,https://wiki.openstreetmap.org/wiki/Tag:healthcare%3Dhospital
Salud,healthcare,clinic,healthcare=clinic,Clínica,https://wiki.openstreetmap.org/wiki/Tag:healthcare%3Dclinic
Salud,healthcare,doctor,healthcare=doctor,Médico,https://wiki.openstreetmap.org/wiki/Tag:healthcare%3Ddoctor
Salud,healthcare,dentist,healthcare=dentist,Dentista,https://wiki.openstreetmap.org/wiki/Tag:healthcare%3Ddentist
Salud,healthcare,pharmacy,healthcare=pharmacy,Farmacia,https://wiki.openstreetmap.org/wiki/Tag:healthcare%3Dpharmacy
Salud,healthcare,laboratory,healthcare=laboratory,Laboratorio clínico,https://wiki.openstreetmap.org/wiki/Tag:healthcare%3Dlaboratory
Salud,healthcare,physiotherapist,healthcare=physiotherapist,Fisioterapia,https://wiki.openstreetmap.org/wiki/Tag:healthcare%3Dphysiotherapist
Salud,healthcare,psychotherapist,healthcare=psychotherapist,Psicoterapia,https://wiki.openstreetmap.org/wiki/Tag:healthcare%3Dpsychotherapist
Salud,healthcare,alternative,healthcare=alternative,Medicina alternativa,https://wiki.openstreetmap.org/wiki/Tag:healthcare%3Dalternative
Salud,healthcare,blood_donation,healthcare=blood_donation,Donación de sangre,https://wiki.openstreetmap.org/wiki/Tag:healthcare%3Dblood_donation
Salud,healthcare,blood_bank,healthcare=blood_bank,Banco de sangre,https://wiki.openstreetmap.org/wiki/Tag:healthcare%3Dblood_bank
Salud,healthcare,birthing_centre,healthcare=birthing_centre,Centro de maternidad,https://wiki.openstreetmap.org/wiki/Tag:healthcare%3Dbirthing_centre
Salud,healthcare,centre,healthcare=centre,Centro de salud,https://wiki.openstreetmap.org/wiki/Tag:healthcare%3Dcentre
Salud,healthcare,rehabilitation,healthcare=rehabilitation,Rehabilitación,https://wiki.openstreetmap.org/wiki/Tag:healthcare%3Drehabilitation
Salud,healthcare,hospice,healthcare=hospice,Hospicio / cuidados paliativos,https://wiki.openstreetmap.org/wiki/Tag:healthcare%3Dhospice
Salud,healthcare,nurse,healthcare=nurse,Enfermería,https://wiki.openstreetmap.org/wiki/Tag:healthcare%3Dnurse
Salud,healthcare,midwife,healthcare=midwife,Partera,https://wiki.openstreetmap.org/wiki/Tag:healthcare%3Dmidwife
Salud,healthcare,optometrist,healthcare=optometrist,Optometrista,https://wiki.openstreetmap.org/wiki/Tag:healthcare%3Doptometrist
Salud,healthcare,podiatrist,healthcare=podiatrist,Podólogo,https://wiki.openstreetmap.org/wiki/Tag:healthcare%3Dpodiatrist
Salud,healthcare,speech_therapist,healthcare=speech_therapist,Terapia del lenguaje,https://wiki.openstreetmap.org/wiki/Tag:healthcare%3Dspeech_therapist
Salud,healthcare,occupational_therapist,healthcare=occupational_therapist,Terapia ocupacional,https://wiki.openstreetmap.org/wiki/Tag:healthcare%3Doccupational_therapist
Salud,healthcare,audiologist,healthcare=audiologist,Audiología,https://wiki.openstreetmap.org/wiki/Tag:healthcare%3Daudiologist
Salud,healthcare,dialysis,healthcare=dialysis,Diálisis,https://wiki.openstreetmap.org/wiki/Tag:healthcare%3Ddialysis
Salud,healthcare,vaccination_centre,healthcare=vaccination_centre,Centro de vacunación,https://wiki.openstreetmap.org/wiki/Tag:healthcare%3Dvaccination_centre
Salud,healthcare,sample_collection,healthcare=sample_collection,Toma de muestras,https://wiki.openstreetmap.org/wiki/Tag:healthcare%3Dsample_collection
Salud,healthcare,counselling,healthcare=counselling,Consejería,https://wiki.openstreetmap.org/wiki/Tag:healthcare%3Dcounselling
Salud,healthcare,nutrition_counselling,healthcare=nutrition_counselling,Nutrición,https://wiki.openstreetmap.org/wiki/Tag:healthcare%3Dnutrition_counselling
Salud,healthcare,yes,healthcare=yes,Establecimiento de salud sin tipo definido,https://wiki.openstreetmap.org/wiki/Tag:healthcare%3Dyes
Industria,industrial,factory,industrial=factory,Fábrica,https://wiki.openstreetmap.org/wiki/Tag:industrial%3Dfactory
Industria,industrial,warehouse,industrial=warehouse,Bodega / almacén,https://wiki.openstreetmap.org/wiki/Tag:industrial%3Dwarehouse
Industria,industrial,depot,industrial=depot,Depósito / patio de vehículos,https://wiki.openstreetmap.org/wiki/Tag:industrial%3Ddepot
Industria,industrial,port,industrial=port,Puerto industrial,https://wiki.openstreetmap.org/wiki/Tag:industrial%3Dport
Industria,industrial,refinery,industrial=refinery,Refinería,https://wiki.openstreetmap.org/wiki/Tag:industrial%3Drefinery
Industria,industrial,oil_mill,industrial=oil_mill,Molino de aceite,https://wiki.openstreetmap.org/wiki/Tag:industrial%3Doil_mill
Industria,industrial,mine,industrial=mine,Mina,https://wiki.openstreetmap.org/wiki/Tag:industrial%3Dmine
Industria,industrial,sawmill,industrial=sawmill,Aserradero,https://wiki.openstreetmap.org/wiki/Tag:industrial%3Dsawmill
Industria,industrial,scrap_yard,industrial=scrap_yard,Chatarrera,https://wiki.openstreetmap.org/wiki/Tag:industrial%3Dscrap_yard
Industria,industrial,slaughterhouse,industrial=slaughterhouse,Rastro / matadero,https://wiki.openstreetmap.org/wiki/Tag:industrial%3Dslaughterhouse
Industria,industrial,brewery,industrial=brewery,Cervecería industrial,https://wiki.openstreetmap.org/wiki/Tag:industrial%3Dbrewery
Industria,industrial,distillery,industrial=distillery,Destilería,https://wiki.openstreetmap.org/wiki/Tag:industrial%3Ddistillery
Industria,industrial,machine_shop,industrial=machine_shop,Taller de maquinado,https://wiki.openstreetmap.org/wiki/Tag:industrial%3Dmachine_shop
Industria,industrial,bakery,industrial=bakery,Panificadora industrial,https://wiki.openstreetmap.org/wiki/Tag:industrial%3Dbakery
Industria,industrial,shipyard,industrial=shipyard,Astillero,https://wiki.openstreetmap.org/wiki/Tag:industrial%3Dshipyard
Industria,industrial,chemical,industrial=chemical,Planta química,https://wiki.openstreetmap.org/wiki/Tag:industrial%3Dchemical
Industria,industrial,well_cluster,industrial=well_cluster,Grupo de pozos,https://wiki.openstreetmap.org/wiki/Tag:industrial%3Dwell_cluster
Uso del suelo,landuse,retail,landuse=retail,Zona comercial minorista,https://wiki.openstreetmap.org/wiki/Tag:landuse%3Dretail
Uso del suelo,landuse,commercial,landuse=commercial,Zona comercial / de oficinas,https://wiki.openstreetmap.org/wiki/Tag:landuse%3Dcommercial
Uso del suelo,landuse,industrial,landuse=industrial,Zona industrial,https://wiki.openstreetmap.org/wiki/Tag:landuse%3Dindustrial
Uso del suelo,landuse,residential,landuse=residential,Zona residencial,https://wiki.openstreetmap.org/wiki/Tag:landuse%3Dresidential
Uso del suelo,landuse,farmland,landuse=farmland,Tierra de cultivo,https://wiki.openstreetmap.org/wiki/Tag:landuse%3Dfarmland
Uso del suelo,landuse,farmyard,landuse=farmyard,Casco de finca / granja,https://wiki.openstreetmap.org/wiki/Tag:landuse%3Dfarmyard
Uso del suelo,landuse,forest,landuse=forest,Bosque gestionado,https://wiki.openstreetmap.org/wiki/Tag:landuse%3Dforest
Uso del suelo,landuse,meadow,landuse=meadow,Pradera / pastizal,https://wiki.openstreetmap.org/wiki/Tag:landuse%3Dmeadow
Uso del suelo,landuse,orchard,landuse=orchard,Huerto frutal / plantación,https://wiki.openstreetmap.org/wiki/Tag:landuse%3Dorchard
Uso del suelo,landuse,vineyard,landuse=vineyard,Viñedo,https://wiki.openstreetmap.org/wiki/Tag:landuse%3Dvineyard
Uso del suelo,landuse,plant_nursery,landuse=plant_nursery,Vivero,https://wiki.openstreetmap.org/wiki/Tag:landuse%3Dplant_nursery
Uso del suelo,landuse,greenhouse_horticulture,landuse=greenhouse_horticulture,Invernaderos,https://wiki.openstreetmap.org/wiki/Tag:landuse%3Dgreenhouse_horticulture
Uso del suelo,landuse,aquaculture,landuse=aquaculture,Acuicultura / camaroneras,https://wiki.openstreetmap.org/wiki/Tag:landuse%3Daquaculture
Uso del suelo,landuse,quarry,landuse=quarry,Cantera / mina a cielo abierto,https://wiki.openstreetmap.org/wiki/Tag:landuse%3Dquarry
Uso del suelo,landuse,landfill,landuse=landfill,Relleno sanitario,https://wiki.openstreetmap.org/wiki/Tag:landuse%3Dlandfill
Uso del suelo,landuse,construction,landuse=construction,En construcción,https://wiki.openstreetmap.org/wiki/Tag:landuse%3Dconstruction
Uso del suelo,landuse,military,landuse=military,Zona militar,https://wiki.openstreetmap.org/wiki/Tag:landuse%3Dmilitary
Uso del suelo,landuse,railway,landuse=railway,Zona ferroviaria,https://wiki.openstreetmap.org/wiki/Tag:landuse%3Drailway
Uso del suelo,landuse,cemetery,landuse=cemetery,Cementerio,https://wiki.openstreetmap.org/wiki/Tag:landuse%3Dcemetery
Uso del suelo,landuse,recreation_ground,landuse=recreation_ground,Zona recreativa,https://wiki.openstreetmap.org/wiki/Tag:landuse%3Drecreation_ground
Uso del suelo,landuse,grass,landuse=grass,Césped,https://wiki.openstreetmap.org/wiki/Tag:landuse%3Dgrass
Uso del suelo,landuse,brownfield,landuse=brownfield,Terreno baldío urbano,https://wiki.openstreetmap.org/wiki/Tag:landuse%3Dbrownfield
Uso del suelo,landuse,greenfield,landuse=greenfield,Terreno sin urbanizar,https://wiki.openstreetmap.org/wiki/Tag:landuse%3Dgreenfield
Uso del suelo,landuse,garages,landuse=garages,Garajes,https://wiki.openstreetmap.org/wiki/Tag:landuse%3Dgarages
Uso del suelo,landuse,religious,landuse=religious,Terreno religioso,https://wiki.openstreetmap.org/wiki/Tag:landuse%3Dreligious
Uso del suelo,landuse,education,landuse=education,Terreno educativo,https://wiki.openstreetmap.org/wiki/Tag:landuse%3Deducation
Uso del suelo,landuse,institutional,landuse=institutional,Terreno institucional,https://wiki.openstreetmap.org/wiki/Tag:landuse%3Dinstitutional
Uso del suelo,landuse,allotments,landuse=allotments,Huertos urbanos,https://wiki.openstreetmap.org/wiki/Tag:landuse%3Dallotments
Uso del suelo,landuse,basin,landuse=basin,Pileta / laguna artificial,https://wiki.openstreetmap.org/wiki/Tag:landuse%3Dbasin
Uso del suelo,landuse,reservoir,landuse=reservoir,Embalse,https://wiki.openstreetmap.org/wiki/Tag:landuse%3Dreservoir
Uso del suelo,landuse,salt_pond,landuse=salt_pond,Salinera,https://wiki.openstreetmap.org/wiki/Tag:landuse%3Dsalt_pond
Uso del suelo,landuse,depot,landuse=depot,Depósito de transporte,https://wiki.openstreetmap.org/wiki/Tag:landuse%3Ddepot
Uso del suelo,landuse,flowerbed,landuse=flowerbed,Arriate / jardinera,https://wiki.openstreetmap.org/wiki/Tag:landuse%3Dflowerbed
Uso del suelo,landuse,village_green,landuse=village_green,Plaza verde de pueblo,https://wiki.openstreetmap.org/wiki/Tag:landuse%3Dvillage_green
Tipo de edificio,building,yes,building=yes,Edificio sin tipo definido,https://wiki.openstreetmap.org/wiki/Tag:building%3Dyes
Tipo de edificio,building,house,building=house,Casa,https://wiki.openstreetmap.org/wiki/Tag:building%3Dhouse
Tipo de edificio,building,residential,building=residential,Edificio residencial,https://wiki.openstreetmap.org/wiki/Tag:building%3Dresidential
Tipo de edificio,building,apartments,building=apartments,Edificio de apartamentos,https://wiki.openstreetmap.org/wiki/Tag:building%3Dapartments
Tipo de edificio,building,detached,building=detached,Casa aislada,https://wiki.openstreetmap.org/wiki/Tag:building%3Ddetached
Tipo de edificio,building,semidetached_house,building=semidetached_house,Casa pareada / dúplex,https://wiki.openstreetmap.org/wiki/Tag:building%3Dsemidetached_house
Tipo de edificio,building,terrace,building=terrace,Casas en hilera,https://wiki.openstreetmap.org/wiki/Tag:building%3Dterrace
Tipo de edificio,building,bungalow,building=bungalow,Bungaló,https://wiki.openstreetmap.org/wiki/Tag:building%3Dbungalow
Tipo de edificio,building,dormitory,building=dormitory,Residencia estudiantil,https://wiki.openstreetmap.org/wiki/Tag:building%3Ddormitory
Tipo de edificio,building,commercial,building=commercial,Edificio comercial,https://wiki.openstreetmap.org/wiki/Tag:building%3Dcommercial
Tipo de edificio,building,retail,building=retail,Local comercial,https://wiki.openstreetmap.org/wiki/Tag:building%3Dretail
Tipo de edificio,building,office,building=office,Edificio de oficinas,https://wiki.openstreetmap.org/wiki/Tag:building%3Doffice
Tipo de edificio,building,industrial,building=industrial,Edificio industrial,https://wiki.openstreetmap.org/wiki/Tag:building%3Dindustrial
Tipo de edificio,building,warehouse,building=warehouse,Bodega,https://wiki.openstreetmap.org/wiki/Tag:building%3Dwarehouse
Tipo de edificio,building,manufacture,building=manufacture,Fábrica,https://wiki.openstreetmap.org/wiki/Tag:building%3Dmanufacture
Tipo de edificio,building,supermarket,building=supermarket,Edificio de supermercado,https://wiki.openstreetmap.org/wiki/Tag:building%3Dsupermarket
Tipo de edificio,building,kiosk,building=kiosk,Kiosco,https://wiki.openstreetmap.org/wiki/Tag:building%3Dkiosk
Tipo de edificio,building,hotel,building=hotel,Edificio de hotel,https://wiki.openstreetmap.org/wiki/Tag:building%3Dhotel
Tipo de edificio,building,school,building=school,Escuela,https://wiki.openstreetmap.org/wiki/Tag:building%3Dschool
Tipo de edificio,building,university,building=university,Universidad,https://wiki.openstreetmap.org/wiki/Tag:building%3Duniversity
Tipo de edificio,building,college,building=college,Instituto,https://wiki.openstreetmap.org/wiki/Tag:building%3Dcollege
Tipo de edificio,building,kindergarten,building=kindergarten,Kínder,https://wiki.openstreetmap.org/wiki/Tag:building%3Dkindergarten
Tipo de edificio,building,hospital,building=hospital,Hospital,https://wiki.openstreetmap.org/wiki/Tag:building%3Dhospital
Tipo de edificio,building,church,building=church,Iglesia,https://wiki.openstreetmap.org/wiki/Tag:building%3Dchurch
Tipo de edificio,building,chapel,building=chapel,Capilla,https://wiki.openstreetmap.org/wiki/Tag:building%3Dchapel
Tipo de edificio,building,cathedral,building=cathedral,Catedral,https://wiki.openstreetmap.org/wiki/Tag:building%3Dcathedral
Tipo de edificio,building,mosque,building=mosque,Mezquita,https://wiki.openstreetmap.org/wiki/Tag:building%3Dmosque
Tipo de edificio,building,temple,building=temple,Templo,https://wiki.openstreetmap.org/wiki/Tag:building%3Dtemple
Tipo de edificio,building,synagogue,building=synagogue,Sinagoga,https://wiki.openstreetmap.org/wiki/Tag:building%3Dsynagogue
Tipo de edificio,building,shrine,building=shrine,Santuario,https://wiki.openstreetmap.org/wiki/Tag:building%3Dshrine
Tipo de edificio,building,religious,building=religious,Edificio religioso,https://wiki.openstreetmap.org/wiki/Tag:building%3Dreligious
Tipo de edificio,building,government,building=government,Edificio gubernamental,https://wiki.openstreetmap.org/wiki/Tag:building%3Dgovernment
Tipo de edificio,building,civic,building=civic,Edificio cívico,https://wiki.openstreetmap.org/wiki/Tag:building%3Dcivic
Tipo de edificio,building,public,building=public,Edificio público,https://wiki.openstreetmap.org/wiki/Tag:building%3Dpublic
Tipo de edificio,building,fire_station,building=fire_station,Estación de bomberos,https://wiki.openstreetmap.org/wiki/Tag:building%3Dfire_station
Tipo de edificio,building,train_station,building=train_station,Estación de tren,https://wiki.openstreetmap.org/wiki/Tag:building%3Dtrain_station
Tipo de edificio,building,transportation,building=transportation,Edificio de transporte,https://wiki.openstreetmap.org/wiki/Tag:building%3Dtransportation
Tipo de edificio,building,garage,building=garage,Garaje,https://wiki.openstreetmap.org/wiki/Tag:building%3Dgarage
Tipo de edificio,building,garages,building=garages,Garajes,https://wiki.openstreetmap.org/wiki/Tag:building%3Dgarages
Tipo de edificio,building,parking,building=parking,Edificio de estacionamiento,https://wiki.openstreetmap.org/wiki/Tag:building%3Dparking
Tipo de edificio,building,carport,building=carport,Cochera abierta,https://wiki.openstreetmap.org/wiki/Tag:building%3Dcarport
Tipo de edificio,building,service,building=service,"Edificio de servicio (bombas, transformadores)",https://wiki.openstreetmap.org/wiki/Tag:building%3Dservice
Tipo de edificio,building,shed,building=shed,Cobertizo,https://wiki.openstreetmap.org/wiki/Tag:building%3Dshed
Tipo de edificio,building,hut,building=hut,Choza / caseta,https://wiki.openstreetmap.org/wiki/Tag:building%3Dhut
Tipo de edificio,building,barn,building=barn,Granero,https://wiki.openstreetmap.org/wiki/Tag:building%3Dbarn
Tipo de edificio,building,farm,building=farm,Casa de finca,https://wiki.openstreetmap.org/wiki/Tag:building%3Dfarm
Tipo de edificio,building,farm_auxiliary,building=farm_auxiliary,Edificio agrícola auxiliar,https://wiki.openstreetmap.org/wiki/Tag:building%3Dfarm_auxiliary
Tipo de edificio,building,greenhouse,building=greenhouse,Invernadero,https://wiki.openstreetmap.org/wiki/Tag:building%3Dgreenhouse
Tipo de edificio,building,stable,building=stable,Establo,https://wiki.openstreetmap.org/wiki/Tag:building%3Dstable
Tipo de edificio,building,roof,building=roof,Techo / estructura solo con techo,https://wiki.openstreetmap.org/wiki/Tag:building%3Droof
Tipo de edificio,building,hangar,building=hangar,Hangar,https://wiki.openstreetmap.org/wiki/Tag:building%3Dhangar
Tipo de edificio,building,stadium,building=stadium,Estadio,https://wiki.openstreetmap.org/wiki/Tag:building%3Dstadium
Tipo de edificio,building,sports_hall,building=sports_hall,Pabellón deportivo,https://wiki.openstreetmap.org/wiki/Tag:building%3Dsports_hall
Tipo de edificio,building,sports_centre,building=sports_centre,Centro deportivo,https://wiki.openstreetmap.org/wiki/Tag:building%3Dsports_centre
Tipo de edificio,building,grandstand,building=grandstand,Gradería cubierta,https://wiki.openstreetmap.org/wiki/Tag:building%3Dgrandstand
Tipo de edificio,building,pavilion,building=pavilion,Pabellón,https://wiki.openstreetmap.org/wiki/Tag:building%3Dpavilion
Tipo de edificio,building,bunker,building=bunker,Búnker,https://wiki.openstreetmap.org/wiki/Tag:building%3Dbunker
Tipo de edificio,building,ruins,building=ruins,Ruinas,https://wiki.openstreetmap.org/wiki/Tag:building%3Druins
Tipo de edificio,building,construction,building=construction,En construcción,https://wiki.openstreetmap.org/wiki/Tag:building%3Dconstruction
Tipo de edificio,building,container,building=container,Contenedor,https://wiki.openstreetmap.org/wiki/Tag:building%3Dcontainer
Tipo de edificio,building,static_caravan,building=static_caravan,Casa móvil,https://wiki.openstreetmap.org/wiki/Tag:building%3Dstatic_caravan
Tipo de edificio,building,bridge,building=bridge,Edificio puente,https://wiki.openstreetmap.org/wiki/Tag:building%3Dbridge
Tipo de edificio,building,toilets,building=toilets,Baños,https://wiki.openstreetmap.org/wiki/Tag:building%3Dtoilets
Tipo de edificio,building,boathouse,building=boathouse,Cobertizo para botes,https://wiki.openstreetmap.org/wiki/Tag:building%3Dboathouse
Tipo de edificio,building,bakehouse,building=bakehouse,Horno comunal,https://wiki.openstreetmap.org/wiki/Tag:building%3Dbakehouse
Tipo de edificio,building,conservatory,building=conservatory,Invernadero anexo,https://wiki.openstreetmap.org/wiki/Tag:building%3Dconservatory
Deportes,sport,soccer,sport=soccer,Fútbol,https://wiki.openstreetmap.org/wiki/Tag:sport%3Dsoccer
Deportes,sport,basketball,sport=basketball,Baloncesto,https://wiki.openstreetmap.org/wiki/Tag:sport%3Dbasketball
Deportes,sport,baseball,sport=baseball,Béisbol,https://wiki.openstreetmap.org/wiki/Tag:sport%3Dbaseball
Deportes,sport,softball,sport=softball,Sóftbol,https://wiki.openstreetmap.org/wiki/Tag:sport%3Dsoftball
Deportes,sport,volleyball,sport=volleyball,Voleibol,https://wiki.openstreetmap.org/wiki/Tag:sport%3Dvolleyball
Deportes,sport,beachvolleyball,sport=beachvolleyball,Voleibol de playa,https://wiki.openstreetmap.org/wiki/Tag:sport%3Dbeachvolleyball
Deportes,sport,tennis,sport=tennis,Tenis,https://wiki.openstreetmap.org/wiki/Tag:sport%3Dtennis
Deportes,sport,padel,sport=padel,Pádel,https://wiki.openstreetmap.org/wiki/Tag:sport%3Dpadel
Deportes,sport,table_tennis,sport=table_tennis,Tenis de mesa,https://wiki.openstreetmap.org/wiki/Tag:sport%3Dtable_tennis
Deportes,sport,badminton,sport=badminton,Bádminton,https://wiki.openstreetmap.org/wiki/Tag:sport%3Dbadminton
Deportes,sport,swimming,sport=swimming,Natación,https://wiki.openstreetmap.org/wiki/Tag:sport%3Dswimming
Deportes,sport,running,sport=running,Correr,https://wiki.openstreetmap.org/wiki/Tag:sport%3Drunning
Deportes,sport,athletics,sport=athletics,Atletismo,https://wiki.openstreetmap.org/wiki/Tag:sport%3Dathletics
Deportes,sport,cycling,sport=cycling,Ciclismo,https://wiki.openstreetmap.org/wiki/Tag:sport%3Dcycling
Deportes,sport,bmx,sport=bmx,BMX,https://wiki.openstreetmap.org/wiki/Tag:sport%3Dbmx
Deportes,sport,fitness,sport=fitness,Fitness / gimnasio,https://wiki.openstreetmap.org/wiki/Tag:sport%3Dfitness
Deportes,sport,crossfit,sport=crossfit,Crossfit,https://wiki.openstreetmap.org/wiki/Tag:sport%3Dcrossfit
Deportes,sport,gymnastics,sport=gymnastics,Gimnasia,https://wiki.openstreetmap.org/wiki/Tag:sport%3Dgymnastics
Deportes,sport,yoga,sport=yoga,Yoga,https://wiki.openstreetmap.org/wiki/Tag:sport%3Dyoga
Deportes,sport,boxing,sport=boxing,Boxeo,https://wiki.openstreetmap.org/wiki/Tag:sport%3Dboxing
Deportes,sport,martial_arts,sport=martial_arts,Artes marciales,https://wiki.openstreetmap.org/wiki/Tag:sport%3Dmartial_arts
Deportes,sport,karate,sport=karate,Karate,https://wiki.openstreetmap.org/wiki/Tag:sport%3Dkarate
Deportes,sport,taekwondo,sport=taekwondo,Taekwondo,https://wiki.openstreetmap.org/wiki/Tag:sport%3Dtaekwondo
Deportes,sport,judo,sport=judo,Judo,https://wiki.openstreetmap.org/wiki/Tag:sport%3Djudo
Deportes,sport,skateboard,sport=skateboard,Skate,https://wiki.openstreetmap.org/wiki/Tag:sport%3Dskateboard
Deportes,sport,surfing,sport=surfing,Surf,https://wiki.openstreetmap.org/wiki/Tag:sport%3Dsurfing
Deportes,sport,kitesurfing,sport=kitesurfing,Kitesurf,https://wiki.openstreetmap.org/wiki/Tag:sport%3Dkitesurfing
Deportes,sport,scuba_diving,sport=scuba_diving,Buceo,https://wiki.openstreetmap.org/wiki/Tag:sport%3Dscuba_diving
Deportes,sport,climbing,sport=climbing,Escalada,https://wiki.openstreetmap.org/wiki/Tag:sport%3Dclimbing
Deportes,sport,golf,sport=golf,Golf,https://wiki.openstreetmap.org/wiki/Tag:sport%3Dgolf
Deportes,sport,equestrian,sport=equestrian,Equitación,https://wiki.openstreetmap.org/wiki/Tag:sport%3Dequestrian
Deportes,sport,multi,sport=multi,Múltiples deportes,https://wiki.openstreetmap.org/wiki/Tag:sport%3Dmulti
Deportes,sport,motor,sport=motor,Automovilismo,https://wiki.openstreetmap.org/wiki/Tag:sport%3Dmotor
Deportes,sport,motocross,sport=motocross,Motocross,https://wiki.openstreetmap.org/wiki/Tag:sport%3Dmotocross
Deportes,sport,karting,sport=karting,Karting,https://wiki.openstreetmap.org/wiki/Tag:sport%3Dkarting
Deportes,sport,shooting,sport=shooting,Tiro,https://wiki.openstreetmap.org/wiki/Tag:sport%3Dshooting
Deportes,sport,archery,sport=archery,Tiro con arco,https://wiki.openstreetmap.org/wiki/Tag:sport%3Darchery
Deportes,sport,chess,sport=chess,Ajedrez,https://wiki.openstreetmap.org/wiki/Tag:sport%3Dchess
Deportes,sport,billiards,sport=billiards,Billar,https://wiki.openstreetmap.org/wiki/Tag:sport%3Dbilliards
Deportes,sport,10pin,sport=10pin,Boliche,https://wiki.openstreetmap.org/wiki/Tag:sport%3D10pin
Deportes,sport,ice_hockey,sport=ice_hockey,Hockey sobre hielo,https://wiki.openstreetmap.org/wiki/Tag:sport%3Dice_hockey
Deportes,sport,field_hockey,sport=field_hockey,Hockey sobre césped,https://wiki.openstreetmap.org/wiki/Tag:sport%3Dfield_hockey
Deportes,sport,rugby_union,sport=rugby_union,Rugby,https://wiki.openstreetmap.org/wiki/Tag:sport%3Drugby_union
Deportes,sport,american_football,sport=american_football,Fútbol americano,https://wiki.openstreetmap.org/wiki/Tag:sport%3Damerican_football
Deportes,sport,handball,sport=handball,Balonmano,https://wiki.openstreetmap.org/wiki/Tag:sport%3Dhandball
Deportes,sport,cricket,sport=cricket,Cricket,https://wiki.openstreetmap.org/wiki/Tag:sport%3Dcricket
Deportes,sport,canoe,sport=canoe,Canotaje,https://wiki.openstreetmap.org/wiki/Tag:sport%3Dcanoe
Deportes,sport,sailing,sport=sailing,Vela,https://wiki.openstreetmap.org/wiki/Tag:sport%3Dsailing
Deportes,sport,rowing,sport=rowing,Remo,https://wiki.openstreetmap.org/wiki/Tag:sport%3Drowing
Deportes,sport,fishing,sport=fishing,Pesca deportiva,https://wiki.openstreetmap.org/wiki/Tag:sport%3Dfishing
Deportes,sport,roller_skating,sport=roller_skating,Patinaje,https://wiki.openstreetmap.org/wiki/Tag:sport%3Droller_skating
Deportes,sport,skating,sport=skating,Patinaje,https://wiki.openstreetmap.org/wiki/Tag:sport%3Dskating
Deportes,sport,free_flying,sport=free_flying,Parapente,https://wiki.openstreetmap.org/wiki/Tag:sport%3Dfree_flying
Tipo de cocina,cuisine,regional,cuisine=regional,Cocina regional / típica,https://wiki.openstreetmap.org/wiki/Tag:cuisine%3Dregional
Tipo de cocina,cuisine,pupusa,cuisine=pupusa,Pupusería,https://wiki.openstreetmap.org/wiki/Tag:cuisine%3Dpupusa
Tipo de cocina,cuisine,salvadoran,cuisine=salvadoran,Comida salvadoreña,https://wiki.openstreetmap.org/wiki/Tag:cuisine%3Dsalvadoran
Tipo de cocina,cuisine,mexican,cuisine=mexican,Mexicana,https://wiki.openstreetmap.org/wiki/Tag:cuisine%3Dmexican
Tipo de cocina,cuisine,tacos,cuisine=tacos,Tacos,https://wiki.openstreetmap.org/wiki/Tag:cuisine%3Dtacos
Tipo de cocina,cuisine,latin_american,cuisine=latin_american,Latinoamericana,https://wiki.openstreetmap.org/wiki/Tag:cuisine%3Dlatin_american
Tipo de cocina,cuisine,international,cuisine=international,Internacional,https://wiki.openstreetmap.org/wiki/Tag:cuisine%3Dinternational
Tipo de cocina,cuisine,american,cuisine=american,Americana,https://wiki.openstreetmap.org/wiki/Tag:cuisine%3Damerican
Tipo de cocina,cuisine,pizza,cuisine=pizza,Pizza,https://wiki.openstreetmap.org/wiki/Tag:cuisine%3Dpizza
Tipo de cocina,cuisine,burger,cuisine=burger,Hamburguesas,https://wiki.openstreetmap.org/wiki/Tag:cuisine%3Dburger
Tipo de cocina,cuisine,chicken,cuisine=chicken,Pollo,https://wiki.openstreetmap.org/wiki/Tag:cuisine%3Dchicken
Tipo de cocina,cuisine,fried_chicken,cuisine=fried_chicken,Pollo frito,https://wiki.openstreetmap.org/wiki/Tag:cuisine%3Dfried_chicken
Tipo de cocina,cuisine,sandwich,cuisine=sandwich,Sándwiches,https://wiki.openstreetmap.org/wiki/Tag:cuisine%3Dsandwich
Tipo de cocina,cuisine,hot_dog,cuisine=hot_dog,Hot dogs,https://wiki.openstreetmap.org/wiki/Tag:cuisine%3Dhot_dog
Tipo de cocina,cuisine,steak_house,cuisine=steak_house,Carnes / parrilla,https://wiki.openstreetmap.org/wiki/Tag:cuisine%3Dsteak_house
Tipo de cocina,cuisine,barbecue,cuisine=barbecue,Barbacoa / asados,https://wiki.openstreetmap.org/wiki/Tag:cuisine%3Dbarbecue
Tipo de cocina,cuisine,grill,cuisine=grill,Parrilla,https://wiki.openstreetmap.org/wiki/Tag:cuisine%3Dgrill
Tipo de cocina,cuisine,seafood,cuisine=seafood,Mariscos,https://wiki.openstreetmap.org/wiki/Tag:cuisine%3Dseafood
Tipo de cocina,cuisine,fish,cuisine=fish,Pescado,https://wiki.openstreetmap.org/wiki/Tag:cuisine%3Dfish
Tipo de cocina,cuisine,sushi,cuisine=sushi,Sushi,https://wiki.openstreetmap.org/wiki/Tag:cuisine%3Dsushi
Tipo de cocina,cuisine,japanese,cuisine=japanese,Japonesa,https://wiki.openstreetmap.org/wiki/Tag:cuisine%3Djapanese
Tipo de cocina,cuisine,chinese,cuisine=chinese,China,https://wiki.openstreetmap.org/wiki/Tag:cuisine%3Dchinese
Tipo de cocina,cuisine,asian,cuisine=asian,Asiática,https://wiki.openstreetmap.org/wiki/Tag:cuisine%3Dasian
Tipo de cocina,cuisine,thai,cuisine=thai,Tailandesa,https://wiki.openstreetmap.org/wiki/Tag:cuisine%3Dthai
Tipo de cocina,cuisine,korean,cuisine=korean,Coreana,https://wiki.openstreetmap.org/wiki/Tag:cuisine%3Dkorean
Tipo de cocina,cuisine,indian,cuisine=indian,India,https://wiki.openstreetmap.org/wiki/Tag:cuisine%3Dindian
Tipo de cocina,cuisine,italian,cuisine=italian,Italiana,https://wiki.openstreetmap.org/wiki/Tag:cuisine%3Ditalian
Tipo de cocina,cuisine,pasta,cuisine=pasta,Pasta,https://wiki.openstreetmap.org/wiki/Tag:cuisine%3Dpasta
Tipo de cocina,cuisine,spanish,cuisine=spanish,Española,https://wiki.openstreetmap.org/wiki/Tag:cuisine%3Dspanish
Tipo de cocina,cuisine,peruvian,cuisine=peruvian,Peruana,https://wiki.openstreetmap.org/wiki/Tag:cuisine%3Dperuvian
Tipo de cocina,cuisine,argentinian,cuisine=argentinian,Argentina,https://wiki.openstreetmap.org/wiki/Tag:cuisine%3Dargentinian
Tipo de cocina,cuisine,kebab,cuisine=kebab,Kebab,https://wiki.openstreetmap.org/wiki/Tag:cuisine%3Dkebab
Tipo de cocina,cuisine,vegetarian,cuisine=vegetarian,Vegetariana,https://wiki.openstreetmap.org/wiki/Tag:cuisine%3Dvegetarian
Tipo de cocina,cuisine,vegan,cuisine=vegan,Vegana,https://wiki.openstreetmap.org/wiki/Tag:cuisine%3Dvegan
Tipo de cocina,cuisine,coffee_shop,cuisine=coffee_shop,Cafetería,https://wiki.openstreetmap.org/wiki/Tag:cuisine%3Dcoffee_shop
Tipo de cocina,cuisine,bakery,cuisine=bakery,Panadería,https://wiki.openstreetmap.org/wiki/Tag:cuisine%3Dbakery
Tipo de cocina,cuisine,dessert,cuisine=dessert,Postres,https://wiki.openstreetmap.org/wiki/Tag:cuisine%3Ddessert
Tipo de cocina,cuisine,ice_cream,cuisine=ice_cream,Helados,https://wiki.openstreetmap.org/wiki/Tag:cuisine%3Dice_cream
Tipo de cocina,cuisine,cake,cuisine=cake,Pasteles,https://wiki.openstreetmap.org/wiki/Tag:cuisine%3Dcake
Tipo de cocina,cuisine,donut,cuisine=donut,Donas,https://wiki.openstreetmap.org/wiki/Tag:cuisine%3Ddonut
Tipo de cocina,cuisine,juice,cuisine=juice,Jugos / licuados,https://wiki.openstreetmap.org/wiki/Tag:cuisine%3Djuice
Tipo de cocina,cuisine,bubble_tea,cuisine=bubble_tea,Bubble tea,https://wiki.openstreetmap.org/wiki/Tag:cuisine%3Dbubble_tea
Tipo de cocina,cuisine,breakfast,cuisine=breakfast,Desayunos,https://wiki.openstreetmap.org/wiki/Tag:cuisine%3Dbreakfast
Tipo de cocina,cuisine,noodle,cuisine=noodle,Fideos,https://wiki.openstreetmap.org/wiki/Tag:cuisine%3Dnoodle
Patrimonio histórico,historic,monument,historic=monument,Monumento,https://wiki.openstreetmap.org/wiki/Tag:historic%3Dmonument
Patrimonio histórico,historic,memorial,historic=memorial,Memorial / placa conmemorativa,https://wiki.openstreetmap.org/wiki/Tag:historic%3Dmemorial
Patrimonio histórico,historic,ruins,historic=ruins,Ruinas,https://wiki.openstreetmap.org/wiki/Tag:historic%3Druins
Patrimonio histórico,historic,archaeological_site,historic=archaeological_site,Sitio arqueológico,https://wiki.openstreetmap.org/wiki/Tag:historic%3Darchaeological_site
Patrimonio histórico,historic,castle,historic=castle,Castillo,https://wiki.openstreetmap.org/wiki/Tag:historic%3Dcastle
Patrimonio histórico,historic,fort,historic=fort,Fuerte,https://wiki.openstreetmap.org/wiki/Tag:historic%3Dfort
Patrimonio histórico,historic,building,historic=building,Edificio histórico,https://wiki.openstreetmap.org/wiki/Tag:historic%3Dbuilding
Patrimonio histórico,historic,church,historic=church,Iglesia histórica,https://wiki.openstreetmap.org/wiki/Tag:historic%3Dchurch
Patrimonio histórico,historic,manor,historic=manor,Casona / hacienda,https://wiki.openstreetmap.org/wiki/Tag:historic%3Dmanor
Patrimonio histórico,historic,wayside_cross,historic=wayside_cross,Cruz de camino,https://wiki.openstreetmap.org/wiki/Tag:historic%3Dwayside_cross
Patrimonio histórico,historic,wayside_shrine,historic=wayside_shrine,Ermita / nicho,https://wiki.openstreetmap.org/wiki/Tag:historic%3Dwayside_shrine
Patrimonio histórico,historic,boundary_stone,historic=boundary_stone,Mojón histórico,https://wiki.openstreetmap.org/wiki/Tag:historic%3Dboundary_stone
Patrimonio histórico,historic,tomb,historic=tomb,Tumba,https://wiki.openstreetmap.org/wiki/Tag:historic%3Dtomb
Patrimonio histórico,historic,battlefield,historic=battlefield,Campo de batalla,https://wiki.openstreetmap.org/wiki/Tag:historic%3Dbattlefield
Patrimonio histórico,historic,aircraft,historic=aircraft,Aeronave histórica,https://wiki.openstreetmap.org/wiki/Tag:historic%3Daircraft
Patrimonio histórico,historic,ship,historic=ship,Barco histórico,https://wiki.openstreetmap.org/wiki/Tag:historic%3Dship
Patrimonio histórico,historic,cannon,historic=cannon,Cañón,https://wiki.openstreetmap.org/wiki/Tag:historic%3Dcannon
Patrimonio histórico,historic,milestone,historic=milestone,Hito kilométrico histórico,https://wiki.openstreetmap.org/wiki/Tag:historic%3Dmilestone
Patrimonio histórico,historic,city_gate,historic=city_gate,Puerta de ciudad,https://wiki.openstreetmap.org/wiki/Tag:historic%3Dcity_gate
Patrimonio histórico,historic,citywalls,historic=citywalls,Murallas,https://wiki.openstreetmap.org/wiki/Tag:historic%3Dcitywalls
Patrimonio histórico,historic,yes,historic=yes,Sitio histórico sin tipo definido,https://wiki.openstreetmap.org/wiki/Tag:historic%3Dyes
Infraestructura y estructuras,man_made,tower,man_made=tower,Torre,https://wiki.openstreetmap.org/wiki/Tag:man_made%3Dtower
Infraestructura y estructuras,man_made,mast,man_made=mast,Mástil / antena,https://wiki.openstreetmap.org/wiki/Tag:man_made%3Dmast
Infraestructura y estructuras,man_made,communications_tower,man_made=communications_tower,Torre de comunicaciones,https://wiki.openstreetmap.org/wiki/Tag:man_made%3Dcommunications_tower
Infraestructura y estructuras,man_made,antenna,man_made=antenna,Antena,https://wiki.openstreetmap.org/wiki/Tag:man_made%3Dantenna
Infraestructura y estructuras,man_made,water_tower,man_made=water_tower,Tanque elevado de agua,https://wiki.openstreetmap.org/wiki/Tag:man_made%3Dwater_tower
Infraestructura y estructuras,man_made,water_well,man_made=water_well,Pozo,https://wiki.openstreetmap.org/wiki/Tag:man_made%3Dwater_well
Infraestructura y estructuras,man_made,water_works,man_made=water_works,Planta potabilizadora,https://wiki.openstreetmap.org/wiki/Tag:man_made%3Dwater_works
Infraestructura y estructuras,man_made,wastewater_plant,man_made=wastewater_plant,Planta de tratamiento de aguas residuales,https://wiki.openstreetmap.org/wiki/Tag:man_made%3Dwastewater_plant
Infraestructura y estructuras,man_made,pumping_station,man_made=pumping_station,Estación de bombeo,https://wiki.openstreetmap.org/wiki/Tag:man_made%3Dpumping_station
Infraestructura y estructuras,man_made,reservoir_covered,man_made=reservoir_covered,Tanque cubierto,https://wiki.openstreetmap.org/wiki/Tag:man_made%3Dreservoir_covered
Infraestructura y estructuras,man_made,storage_tank,man_made=storage_tank,Tanque de almacenamiento,https://wiki.openstreetmap.org/wiki/Tag:man_made%3Dstorage_tank
Infraestructura y estructuras,man_made,silo,man_made=silo,Silo,https://wiki.openstreetmap.org/wiki/Tag:man_made%3Dsilo
Infraestructura y estructuras,man_made,works,man_made=works,Planta industrial / fábrica,https://wiki.openstreetmap.org/wiki/Tag:man_made%3Dworks
Infraestructura y estructuras,man_made,chimney,man_made=chimney,Chimenea industrial,https://wiki.openstreetmap.org/wiki/Tag:man_made%3Dchimney
Infraestructura y estructuras,man_made,pier,man_made=pier,Muelle,https://wiki.openstreetmap.org/wiki/Tag:man_made%3Dpier
Infraestructura y estructuras,man_made,breakwater,man_made=breakwater,Rompeolas,https://wiki.openstreetmap.org/wiki/Tag:man_made%3Dbreakwater
Infraestructura y estructuras,man_made,groyne,man_made=groyne,Espigón,https://wiki.openstreetmap.org/wiki/Tag:man_made%3Dgroyne
Infraestructura y estructuras,man_made,lighthouse,man_made=lighthouse,Faro,https://wiki.openstreetmap.org/wiki/Tag:man_made%3Dlighthouse
Infraestructura y estructuras,man_made,bridge,man_made=bridge,Puente (estructura),https://wiki.openstreetmap.org/wiki/Tag:man_made%3Dbridge
Infraestructura y estructuras,man_made,pipeline,man_made=pipeline,Tubería / oleoducto,https://wiki.openstreetmap.org/wiki/Tag:man_made%3Dpipeline
Infraestructura y estructuras,man_made,crane,man_made=crane,Grúa,https://wiki.openstreetmap.org/wiki/Tag:man_made%3Dcrane
Infraestructura y estructuras,man_made,kiln,man_made=kiln,Horno,https://wiki.openstreetmap.org/wiki/Tag:man_made%3Dkiln
Infraestructura y estructuras,man_made,windmill,man_made=windmill,Molino de viento,https://wiki.openstreetmap.org/wiki/Tag:man_made%3Dwindmill
Infraestructura y estructuras,man_made,adit,man_made=adit,Bocamina,https://wiki.openstreetmap.org/wiki/Tag:man_made%3Dadit
Infraestructura y estructuras,man_made,mineshaft,man_made=mineshaft,Pozo de mina,https://wiki.openstreetmap.org/wiki/Tag:man_made%3Dmineshaft
Infraestructura y estructuras,man_made,petroleum_well,man_made=petroleum_well,Pozo petrolero,https://wiki.openstreetmap.org/wiki/Tag:man_made%3Dpetroleum_well
Infraestructura y estructuras,man_made,surveillance,man_made=surveillance,Cámara de vigilancia,https://wiki.openstreetmap.org/wiki/Tag:man_made%3Dsurveillance
Infraestructura y estructuras,man_made,street_cabinet,man_made=street_cabinet,Gabinete de servicios,https://wiki.openstreetmap.org/wiki/Tag:man_made%3Dstreet_cabinet
Infraestructura y estructuras,man_made,monitoring_station,man_made=monitoring_station,Estación de monitoreo,https://wiki.openstreetmap.org/wiki/Tag:man_made%3Dmonitoring_station
Infraestructura y estructuras,man_made,observatory,man_made=observatory,Observatorio,https://wiki.openstreetmap.org/wiki/Tag:man_made%3Dobservatory
Infraestructura y estructuras,man_made,telescope,man_made=telescope,Telescopio,https://wiki.openstreetmap.org/wiki/Tag:man_made%3Dtelescope
Infraestructura y estructuras,man_made,flagpole,man_made=flagpole,Asta de bandera,https://wiki.openstreetmap.org/wiki/Tag:man_made%3Dflagpole
Infraestructura y estructuras,man_made,obelisk,man_made=obelisk,Obelisco,https://wiki.openstreetmap.org/wiki/Tag:man_made%3Dobelisk
Infraestructura y estructuras,man_made,cross,man_made=cross,Cruz,https://wiki.openstreetmap.org/wiki/Tag:man_made%3Dcross
Infraestructura y estructuras,man_made,embankment,man_made=embankment,Terraplén,https://wiki.openstreetmap.org/wiki/Tag:man_made%3Dembankment
Infraestructura y estructuras,man_made,dyke,man_made=dyke,Dique,https://wiki.openstreetmap.org/wiki/Tag:man_made%3Ddyke
Infraestructura y estructuras,man_made,cutline,man_made=cutline,Brecha / cortafuegos,https://wiki.openstreetmap.org/wiki/Tag:man_made%3Dcutline
Infraestructura y estructuras,man_made,beacon,man_made=beacon,Baliza,https://wiki.openstreetmap.org/wiki/Tag:man_made%3Dbeacon
Infraestructura y estructuras,man_made,survey_point,man_made=survey_point,Punto geodésico,https://wiki.openstreetmap.org/wiki/Tag:man_made%3Dsurvey_point
Infraestructura y estructuras,man_made,utility_pole,man_made=utility_pole,Poste,https://wiki.openstreetmap.org/wiki/Tag:man_made%3Dutility_pole
Infraestructura y estructuras,man_made,wildlife_crossing,man_made=wildlife_crossing,Paso de fauna,https://wiki.openstreetmap.org/wiki/Tag:man_made%3Dwildlife_crossing
Infraestructura y estructuras,man_made,courtyard,man_made=courtyard,Patio interior,https://wiki.openstreetmap.org/wiki/Tag:man_made%3Dcourtyard
Elementos naturales,natural,beach,natural=beach,Playa,https://wiki.openstreetmap.org/wiki/Tag:natural%3Dbeach
Elementos naturales,natural,volcano,natural=volcano,Volcán,https://wiki.openstreetmap.org/wiki/Tag:natural%3Dvolcano
Elementos naturales,natural,peak,natural=peak,Cima / cerro,https://wiki.openstreetmap.org/wiki/Tag:natural%3Dpeak
Elementos naturales,natural,water,natural=water,"Cuerpo de agua (lago, laguna, estero)",https://wiki.openstreetmap.org/wiki/Tag:natural%3Dwater
Elementos naturales,natural,coastline,natural=coastline,Línea de costa,https://wiki.openstreetmap.org/wiki/Tag:natural%3Dcoastline
Elementos naturales,natural,wood,natural=wood,Bosque natural,https://wiki.openstreetmap.org/wiki/Tag:natural%3Dwood
Elementos naturales,natural,scrub,natural=scrub,Matorral,https://wiki.openstreetmap.org/wiki/Tag:natural%3Dscrub
Elementos naturales,natural,grassland,natural=grassland,Pastizal natural,https://wiki.openstreetmap.org/wiki/Tag:natural%3Dgrassland
Elementos naturales,natural,heath,natural=heath,Brezal,https://wiki.openstreetmap.org/wiki/Tag:natural%3Dheath
Elementos naturales,natural,wetland,natural=wetland,Humedal / manglar,https://wiki.openstreetmap.org/wiki/Tag:natural%3Dwetland
Elementos naturales,natural,bay,natural=bay,Bahía,https://wiki.openstreetmap.org/wiki/Tag:natural%3Dbay
Elementos naturales,natural,cape,natural=cape,Cabo / punta,https://wiki.openstreetmap.org/wiki/Tag:natural%3Dcape
Elementos naturales,natural,cliff,natural=cliff,Acantilado,https://wiki.openstreetmap.org/wiki/Tag:natural%3Dcliff
Elementos naturales,natural,sand,natural=sand,Arena,https://wiki.openstreetmap.org/wiki/Tag:natural%3Dsand
Elementos naturales,natural,spring,natural=spring,Nacimiento / manantial,https://wiki.openstreetmap.org/wiki/Tag:natural%3Dspring
Elementos naturales,natural,hot_spring,natural=hot_spring,Aguas termales,https://wiki.openstreetmap.org/wiki/Tag:natural%3Dhot_spring
Elementos naturales,natural,geyser,natural=geyser,Géiser,https://wiki.openstreetmap.org/wiki/Tag:natural%3Dgeyser
Elementos naturales,natural,cave_entrance,natural=cave_entrance,Entrada de cueva,https://wiki.openstreetmap.org/wiki/Tag:natural%3Dcave_entrance
Elementos naturales,natural,tree,natural=tree,Árbol,https://wiki.openstreetmap.org/wiki/Tag:natural%3Dtree
Elementos naturales,natural,tree_row,natural=tree_row,Hilera de árboles,https://wiki.openstreetmap.org/wiki/Tag:natural%3Dtree_row
Elementos naturales,natural,rock,natural=rock,Roca,https://wiki.openstreetmap.org/wiki/Tag:natural%3Drock
Elementos naturales,natural,stone,natural=stone,Piedra,https://wiki.openstreetmap.org/wiki/Tag:natural%3Dstone
Elementos naturales,natural,bare_rock,natural=bare_rock,Roca desnuda,https://wiki.openstreetmap.org/wiki/Tag:natural%3Dbare_rock
Elementos naturales,natural,scree,natural=scree,Pedregal,https://wiki.openstreetmap.org/wiki/Tag:natural%3Dscree
Elementos naturales,natural,shingle,natural=shingle,Guijarros,https://wiki.openstreetmap.org/wiki/Tag:natural%3Dshingle
Elementos naturales,natural,ridge,natural=ridge,Cresta / cordillera,https://wiki.openstreetmap.org/wiki/Tag:natural%3Dridge
Elementos naturales,natural,valley,natural=valley,Valle,https://wiki.openstreetmap.org/wiki/Tag:natural%3Dvalley
Elementos naturales,natural,saddle,natural=saddle,Collado,https://wiki.openstreetmap.org/wiki/Tag:natural%3Dsaddle
Elementos naturales,natural,reef,natural=reef,Arrecife,https://wiki.openstreetmap.org/wiki/Tag:natural%3Dreef
Elementos naturales,natural,shoal,natural=shoal,Bajo / banco de arena,https://wiki.openstreetmap.org/wiki/Tag:natural%3Dshoal
Elementos naturales,natural,strait,natural=strait,Estrecho,https://wiki.openstreetmap.org/wiki/Tag:natural%3Dstrait
Elementos naturales,natural,mud,natural=mud,Lodo,https://wiki.openstreetmap.org/wiki/Tag:natural%3Dmud
Elementos naturales,natural,sinkhole,natural=sinkhole,Sumidero,https://wiki.openstreetmap.org/wiki/Tag:natural%3Dsinkhole
Transporte público,public_transport,platform,public_transport=platform,Plataforma / parada,https://wiki.openstreetmap.org/wiki/Tag:public_transport%3Dplatform
Transporte público,public_transport,stop_position,public_transport=stop_position,Posición de parada del vehículo,https://wiki.openstreetmap.org/wiki/Tag:public_transport%3Dstop_position
Transporte público,public_transport,station,public_transport=station,Estación / terminal,https://wiki.openstreetmap.org/wiki/Tag:public_transport%3Dstation
Transporte público,public_transport,stop_area,public_transport=stop_area,Área de parada (relación),https://wiki.openstreetmap.org/wiki/Tag:public_transport%3Dstop_area
Transporte público,public_transport,stop_area_group,public_transport=stop_area_group,Grupo de áreas de parada,https://wiki.openstreetmap.org/wiki/Tag:public_transport%3Dstop_area_group
Aeropuertos y aviación,aeroway,aerodrome,aeroway=aerodrome,Aeropuerto / aeródromo,https://wiki.openstreetmap.org/wiki/Tag:aeroway%3Daerodrome
Aeropuertos y aviación,aeroway,terminal,aeroway=terminal,Terminal aérea,https://wiki.openstreetmap.org/wiki/Tag:aeroway%3Dterminal
Aeropuertos y aviación,aeroway,runway,aeroway=runway,Pista,https://wiki.openstreetmap.org/wiki/Tag:aeroway%3Drunway
Aeropuertos y aviación,aeroway,taxiway,aeroway=taxiway,Calle de rodaje,https://wiki.openstreetmap.org/wiki/Tag:aeroway%3Dtaxiway
Aeropuertos y aviación,aeroway,apron,aeroway=apron,Plataforma de estacionamiento de aeronaves,https://wiki.openstreetmap.org/wiki/Tag:aeroway%3Dapron
Aeropuertos y aviación,aeroway,helipad,aeroway=helipad,Helipuerto,https://wiki.openstreetmap.org/wiki/Tag:aeroway%3Dhelipad
Aeropuertos y aviación,aeroway,heliport,aeroway=heliport,Heliopuerto (instalación),https://wiki.openstreetmap.org/wiki/Tag:aeroway%3Dheliport
Aeropuertos y aviación,aeroway,hangar,aeroway=hangar,Hangar,https://wiki.openstreetmap.org/wiki/Tag:aeroway%3Dhangar
Aeropuertos y aviación,aeroway,gate,aeroway=gate,Puerta de embarque,https://wiki.openstreetmap.org/wiki/Tag:aeroway%3Dgate
Aeropuertos y aviación,aeroway,navigationaid,aeroway=navigationaid,Ayuda a la navegación,https://wiki.openstreetmap.org/wiki/Tag:aeroway%3Dnavigationaid
Aeropuertos y aviación,aeroway,windsock,aeroway=windsock,Manga de viento,https://wiki.openstreetmap.org/wiki/Tag:aeroway%3Dwindsock
Aeropuertos y aviación,aeroway,parking_position,aeroway=parking_position,Posición de estacionamiento,https://wiki.openstreetmap.org/wiki/Tag:aeroway%3Dparking_position
Aeropuertos y aviación,aeroway,spaceport,aeroway=spaceport,Puerto espacial,https://wiki.openstreetmap.org/wiki/Tag:aeroway%3Dspaceport
Emergencias,emergency,fire_hydrant,emergency=fire_hydrant,Hidrante,https://wiki.openstreetmap.org/wiki/Tag:emergency%3Dfire_hydrant
Emergencias,emergency,defibrillator,emergency=defibrillator,Desfibrilador,https://wiki.openstreetmap.org/wiki/Tag:emergency%3Ddefibrillator
Emergencias,emergency,phone,emergency=phone,Teléfono de emergencia,https://wiki.openstreetmap.org/wiki/Tag:emergency%3Dphone
Emergencias,emergency,ambulance_station,emergency=ambulance_station,Base de ambulancias,https://wiki.openstreetmap.org/wiki/Tag:emergency%3Dambulance_station
Emergencias,emergency,water_tank,emergency=water_tank,Tanque de agua contra incendios,https://wiki.openstreetmap.org/wiki/Tag:emergency%3Dwater_tank
Emergencias,emergency,fire_water_pond,emergency=fire_water_pond,Estanque contra incendios,https://wiki.openstreetmap.org/wiki/Tag:emergency%3Dfire_water_pond
Emergencias,emergency,suction_point,emergency=suction_point,Punto de succión,https://wiki.openstreetmap.org/wiki/Tag:emergency%3Dsuction_point
Emergencias,emergency,siren,emergency=siren,Sirena,https://wiki.openstreetmap.org/wiki/Tag:emergency%3Dsiren
Emergencias,emergency,assembly_point,emergency=assembly_point,Punto de reunión,https://wiki.openstreetmap.org/wiki/Tag:emergency%3Dassembly_point
Emergencias,emergency,lifeguard,emergency=lifeguard,Salvavidas,https://wiki.openstreetmap.org/wiki/Tag:emergency%3Dlifeguard
Emergencias,emergency,life_ring,emergency=life_ring,Salvavidas (aro),https://wiki.openstreetmap.org/wiki/Tag:emergency%3Dlife_ring
Emergencias,emergency,fire_extinguisher,emergency=fire_extinguisher,Extintor,https://wiki.openstreetmap.org/wiki/Tag:emergency%3Dfire_extinguisher
Emergencias,emergency,access_point,emergency=access_point,Punto de acceso de rescate,https://wiki.openstreetmap.org/wiki/Tag:emergency%3Daccess_point
Emergencias,emergency,first_aid_kit,emergency=first_aid_kit,Botiquín,https://wiki.openstreetmap.org/wiki/Tag:emergency%3Dfirst_aid_kit
Emergencias,emergency,emergency_ward_entrance,emergency=emergency_ward_entrance,Entrada de emergencias (hospital),https://wiki.openstreetmap.org/wiki/Tag:emergency%3Demergency_ward_entrance
Emergencias,emergency,landing_site,emergency=landing_site,Zona de aterrizaje de emergencia,https://wiki.openstreetmap.org/wiki/Tag:emergency%3Dlanding_site
Emergencias,emergency,water_rescue,emergency=water_rescue,Rescate acuático,https://wiki.openstreetmap.org/wiki/Tag:emergency%3Dwater_rescue
Emergencias,emergency,mountain_rescue,emergency=mountain_rescue,Rescate de montaña,https://wiki.openstreetmap.org/wiki/Tag:emergency%3Dmountain_rescue
Emergencias,emergency,disaster_response,emergency=disaster_response,Respuesta a desastres,https://wiki.openstreetmap.org/wiki/Tag:emergency%3Ddisaster_response
Clubes y asociaciones,club,sport,club=sport,Club deportivo,https://wiki.openstreetmap.org/wiki/Tag:club%3Dsport
Clubes y asociaciones,club,social,club=social,Club social,https://wiki.openstreetmap.org/wiki/Tag:club%3Dsocial
Clubes y asociaciones,club,culture,club=culture,Club cultural,https://wiki.openstreetmap.org/wiki/Tag:club%3Dculture
Clubes y asociaciones,club,veterans,club=veterans,Veteranos,https://wiki.openstreetmap.org/wiki/Tag:club%3Dveterans
Clubes y asociaciones,club,youth,club=youth,Club juvenil,https://wiki.openstreetmap.org/wiki/Tag:club%3Dyouth
Clubes y asociaciones,club,scout,club=scout,Scouts,https://wiki.openstreetmap.org/wiki/Tag:club%3Dscout
Clubes y asociaciones,club,music,club=music,Club de música,https://wiki.openstreetmap.org/wiki/Tag:club%3Dmusic
Clubes y asociaciones,club,automobile,club=automobile,Club automovilístico,https://wiki.openstreetmap.org/wiki/Tag:club%3Dautomobile
Clubes y asociaciones,club,motorcycle,club=motorcycle,Club de motociclistas,https://wiki.openstreetmap.org/wiki/Tag:club%3Dmotorcycle
Clubes y asociaciones,club,chess,club=chess,Club de ajedrez,https://wiki.openstreetmap.org/wiki/Tag:club%3Dchess
Clubes y asociaciones,club,fan,club=fan,Club de fans / barra,https://wiki.openstreetmap.org/wiki/Tag:club%3Dfan
Clubes y asociaciones,club,freemasonry,club=freemasonry,Logia masónica,https://wiki.openstreetmap.org/wiki/Tag:club%3Dfreemasonry
Clubes y asociaciones,club,art,club=art,Club de arte,https://wiki.openstreetmap.org/wiki/Tag:club%3Dart
Clubes y asociaciones,club,charity,club=charity,"Club benéfico (Rotary, Leones...)",https://wiki.openstreetmap.org/wiki/Tag:club%3Dcharity
Clubes y asociaciones,club,computer,club=computer,Club de informática,https://wiki.openstreetmap.org/wiki/Tag:club%3Dcomputer
Clubes y asociaciones,club,ethnic,club=ethnic,Asociación étnica,https://wiki.openstreetmap.org/wiki/Tag:club%3Dethnic
Clubes y asociaciones,club,game,club=game,Club de juegos,https://wiki.openstreetmap.org/wiki/Tag:club%3Dgame
Clubes y asociaciones,club,history,club=history,Club de historia,https://wiki.openstreetmap.org/wiki/Tag:club%3Dhistory
Clubes y asociaciones,club,hunting,club=hunting,Club de caza,https://wiki.openstreetmap.org/wiki/Tag:club%3Dhunting
Clubes y asociaciones,club,nature,club=nature,Club de naturaleza,https://wiki.openstreetmap.org/wiki/Tag:club%3Dnature
Clubes y asociaciones,club,religion,club=religion,Asociación religiosa,https://wiki.openstreetmap.org/wiki/Tag:club%3Dreligion
Clubes y asociaciones,club,sailing,club=sailing,Club náutico,https://wiki.openstreetmap.org/wiki/Tag:club%3Dsailing
Clubes y asociaciones,club,shooting,club=shooting,Club de tiro,https://wiki.openstreetmap.org/wiki/Tag:club%3Dshooting
Clubes y asociaciones,club,animals,club=animals,Club de animales,https://wiki.openstreetmap.org/wiki/Tag:club%3Danimals
Clubes y asociaciones,club,fishing,club=fishing,Club de pesca,https://wiki.openstreetmap.org/wiki/Tag:club%3Dfishing
Clubes y asociaciones,club,dog,club=dog,Club canino,https://wiki.openstreetmap.org/wiki/Tag:club%3Ddog
Clubes y asociaciones,club,theatre,club=theatre,Grupo de teatro,https://wiki.openstreetmap.org/wiki/Tag:club%3Dtheatre
Lugares poblados,place,country,place=country,País,https://wiki.openstreetmap.org/wiki/Tag:place%3Dcountry
Lugares poblados,place,state,place=state,Estado,https://wiki.openstreetmap.org/wiki/Tag:place%3Dstate
Lugares poblados,place,region,place=region,Región,https://wiki.openstreetmap.org/wiki/Tag:place%3Dregion
Lugares poblados,place,province,place=province,Provincia,https://wiki.openstreetmap.org/wiki/Tag:place%3Dprovince
Lugares poblados,place,district,place=district,Distrito,https://wiki.openstreetmap.org/wiki/Tag:place%3Ddistrict
Lugares poblados,place,county,place=county,Condado,https://wiki.openstreetmap.org/wiki/Tag:place%3Dcounty
Lugares poblados,place,municipality,place=municipality,Municipio,https://wiki.openstreetmap.org/wiki/Tag:place%3Dmunicipality
Lugares poblados,place,city,place=city,Ciudad,https://wiki.openstreetmap.org/wiki/Tag:place%3Dcity
Lugares poblados,place,town,place=town,Ciudad pequeña / pueblo grande,https://wiki.openstreetmap.org/wiki/Tag:place%3Dtown
Lugares poblados,place,village,place=village,Pueblo / cantón,https://wiki.openstreetmap.org/wiki/Tag:place%3Dvillage
Lugares poblados,place,hamlet,place=hamlet,Caserío,https://wiki.openstreetmap.org/wiki/Tag:place%3Dhamlet
Lugares poblados,place,isolated_dwelling,place=isolated_dwelling,Vivienda aislada,https://wiki.openstreetmap.org/wiki/Tag:place%3Disolated_dwelling
Lugares poblados,place,farm,place=farm,Finca,https://wiki.openstreetmap.org/wiki/Tag:place%3Dfarm
Lugares poblados,place,suburb,place=suburb,Suburbio / zona de ciudad,https://wiki.openstreetmap.org/wiki/Tag:place%3Dsuburb
Lugares poblados,place,quarter,place=quarter,Barrio grande,https://wiki.openstreetmap.org/wiki/Tag:place%3Dquarter
Lugares poblados,place,neighbourhood,place=neighbourhood,Colonia / barrio,https://wiki.openstreetmap.org/wiki/Tag:place%3Dneighbourhood
Lugares poblados,place,city_block,place=city_block,Manzana / bloque,https://wiki.openstreetmap.org/wiki/Tag:place%3Dcity_block
Lugares poblados,place,borough,place=borough,Distrito municipal,https://wiki.openstreetmap.org/wiki/Tag:place%3Dborough
Lugares poblados,place,locality,place=locality,Paraje / lugar sin población,https://wiki.openstreetmap.org/wiki/Tag:place%3Dlocality
Lugares poblados,place,square,place=square,Plaza,https://wiki.openstreetmap.org/wiki/Tag:place%3Dsquare
Lugares poblados,place,island,place=island,Isla,https://wiki.openstreetmap.org/wiki/Tag:place%3Disland
Lugares poblados,place,islet,place=islet,Islote,https://wiki.openstreetmap.org/wiki/Tag:place%3Dislet
Lugares poblados,place,archipelago,place=archipelago,Archipiélago,https://wiki.openstreetmap.org/wiki/Tag:place%3Darchipelago
Lugares poblados,place,sea,place=sea,Mar,https://wiki.openstreetmap.org/wiki/Tag:place%3Dsea
Lugares poblados,place,ocean,place=ocean,Océano,https://wiki.openstreetmap.org/wiki/Tag:place%3Docean
Marcas y cadenas,brand,(texto libre),brand=(texto libre),"Nombre de la marca o cadena, p. ej. Súper Selectos, Pollo Campero, Walmart, Banco Agrícola. Suele ir con brand:wikidata.",https://wiki.openstreetmap.org/wiki/Key:brand
